{
   "temperature":     298.150000000000,
   "unit": "hartree",
   "energy":     -17.725145362537,
   "free energy":     -17.620502943828,
   "G(T)":       0.104642418709,
   "ZPVE":       0.134323390739,
   "number of imags":0,
   "point group": "c1",
   "gradient norm":       0.000019731654
}
