{
   "temperature":     298.150000000000,
   "unit": "hartree",
   "energy":     -20.889164409493,
   "free energy":     -20.760367774690,
   "G(T)":       0.128796634803,
   "ZPVE":       0.160812582188,
   "number of imags":0,
   "point group": "cs",
   "gradient norm":       0.000020463896
}
