{
   "temperature":     298.150000000000,
   "unit": "hartree",
   "energy":     -14.079527149700,
   "free energy":     -14.016382231822,
   "G(T)":       0.063144917878,
   "ZPVE":       0.092579283690,
   "number of imags":0,
   "point group": "cs",
   "gradient norm":       0.000026013164
}
