{
    "partname": "prescreening",
    "runtime": 21.546895307023078,
    "results": {
        "CONF1": {
            "sp": {
                "energy": -3677.235973152749
            },
            "gtot": -3677.235973152749,
            "bmw": 0.22306484069404037
        },
        "CONF2": {
            "sp": {
                "energy": -3677.237151394417
            },
            "gtot": -3677.237151394417,
            "bmw": 0.7769351593059597
        }
    },
    "settings": {
        "threshold": 4.0,
        "func": "pbe-d4",
        "basis": "def2-sv(p)",
        "prog": "orca",
        "gfnv": "gfn2",
        "run": true,
        "template": false
    },
    "nconf_in": 2,
    "nconf_out": 2
}