{
   "temperature":     298.150000000000,
   "unit": "hartree",
   "energy":     -19.876222622431,
   "free energy":     -19.763681846777,
   "G(T)":       0.112540775655,
   "ZPVE":       0.142596777816,
   "number of imags":0,
   "point group": "c1",
   "gradient norm":       0.000030850651
}
