{
   "temperature":     298.150000000000,
   "unit": "hartree",
   "energy":     -23.158713220370,
   "free energy":     -22.977167370167,
   "G(T)":       0.181545850203,
   "ZPVE":       0.214925752989,
   "number of imags":0,
   "point group": "c1",
   "gradient norm":       0.000023723613
}
