{
   "temperature":     298.150000000000,
   "unit": "hartree",
   "energy":     -26.548131463335,
   "free energy":     -26.436123324522,
   "G(T)":       0.112008138814,
   "ZPVE":       0.144858861459,
   "number of imags":0,
   "point group": "c1",
   "gradient norm":       0.000052868925
}
