{
    "partname": "prescreening",
    "runtime": 5.948111744015478,
    "results": {
        "CONF1": {
            "sp": {
                "energy": -326.17291203879
            },
            "gtot": -326.17291203879,
            "bmw": 0.4734247188000333
        },
        "CONF2": {
            "sp": {
                "energy": -326.173012501262
            },
            "gtot": -326.173012501262,
            "bmw": 0.5265752811999668
        }
    },
    "settings": {
        "threshold": 4.0,
        "func": "pbe-d4",
        "basis": "def2-sv(p)",
        "prog": "orca",
        "gfnv": "gfn2",
        "run": true,
        "template": false
    },
    "nconf_in": 2,
    "nconf_out": 2
}