{
   "temperature":     298.150000000000,
   "unit": "hartree",
   "energy":     -13.494969445586,
   "free energy":     -13.440317748541,
   "G(T)":       0.054651697044,
   "ZPVE":       0.081915750967,
   "number of imags":0,
   "point group": "cs",
   "gradient norm":       0.000034755461
}
