{
    "partname": "prescreening",
    "runtime": 12.741984831984155,
    "results": {
        "CONF2": {
            "sp": {
                "energy": -326.177097746878
            },
            "gtot": -326.177097746878,
            "bmw": 0.27276380567276276
        },
        "CONF1": {
            "sp": {
                "energy": -326.178023656062
            },
            "gtot": -326.178023656062,
            "bmw": 0.7272361943272372
        }
    },
    "settings": {
        "threshold": 4.0,
        "func": "pbe-d4",
        "basis": "def2-sv(p)",
        "prog": "orca",
        "gfnv": "gfn2",
        "run": true,
        "template": false
    },
    "nconf_in": 2,
    "nconf_out": 2
}