{
    "partname": "prescreening",
    "runtime": 14.473256922094151,
    "results": {
        "CONF4": {
            "sp": {
                "energy": -174.032489080437
            },
            "gtot": -174.032489080437,
            "bmw": 0.15119574562270433
        },
        "CONF2": {
            "sp": {
                "energy": -174.033147872303
            },
            "gtot": -174.033147872303,
            "bmw": 0.3037825713905296
        },
        "CONF3": {
            "sp": {
                "energy": -174.032448806578
            },
            "gtot": -174.032448806578,
            "bmw": 0.14488214869888635
        },
        "CONF6": {
            "sp": {
                "energy": -174.025903456711
            },
            "gtot": -174.025903456711,
            "bmw": 0.0001413716540776101
        },
        "CONF5": {
            "sp": {
                "energy": -174.031836881522
            },
            "gtot": -174.031836881522,
            "bmw": 0.07577899404618231
        },
        "CONF1": {
            "sp": {
                "energy": -174.033209345762
            },
            "gtot": -174.033209345762,
            "bmw": 0.3242191685876198
        }
    },
    "settings": {
        "threshold": 4.0,
        "func": "pbe-d4",
        "basis": "def2-sv(p)",
        "prog": "orca",
        "gfnv": "gfn2",
        "run": true,
        "template": false
    },
    "nconf_in": 6,
    "nconf_out": 5
}