{
    "partname": "screening",
    "runtime": 14.715904645971023,
    "results": {
        "CONF5": {
            "sp": {
                "energy": -174.423631012339
            },
            "gtot": -174.423631012339,
            "bmw": 0.10992308747422148
        },
        "CONF3": {
            "sp": {
                "energy": -174.42422591451
            },
            "gtot": -174.42422591451,
            "bmw": 0.20640726321596775
        },
        "CONF4": {
            "sp": {
                "energy": -174.423902383815
            },
            "gtot": -174.423902383815,
            "bmw": 0.14652480660223696
        },
        "CONF1": {
            "sp": {
                "energy": -174.424567391186
            },
            "gtot": -174.424567391186,
            "bmw": 0.29634211359022733
        },
        "CONF2": {
            "sp": {
                "energy": -174.424371438559
            },
            "gtot": -174.424371438559,
            "bmw": 0.24080272911734646
        }
    },
    "settings": {
        "threshold": 3.5,
        "func": "r2scan-3c",
        "basis": "def2-tzvp",
        "prog": "orca",
        "sm": "smd",
        "gfnv": "gfn2",
        "run": true,
        "implicit": false,
        "template": false
    },
    "nconf_in": 5,
    "nconf_out": 5
}