{
   "temperature":     298.150000000000,
   "unit": "hartree",
   "energy":     -43.359831284759,
   "free energy":     -43.206978452404,
   "G(T)":       0.152852832355,
   "ZPVE":       0.189435144323,
   "number of imags":0,
   "point group": "c1",
   "gradient norm":       0.000112801467
}
