{
   "temperature":     298.150000000000,
   "unit": "hartree",
   "energy":     -28.418662937481,
   "free energy":     -28.295278122117,
   "G(T)":       0.123384815364,
   "ZPVE":       0.161076295917,
   "number of imags":0,
   "point group": "c1",
   "gradient norm":       0.000034163586
}
