{
   "temperature":     298.150000000000,
   "unit": "hartree",
   "energy":     -16.982526316091,
   "free energy":     -16.913327900453,
   "G(T)":       0.069198415638,
   "ZPVE":       0.099464238288,
   "number of imags":0,
   "point group": "cs",
   "gradient norm":       0.000078019379
}
