{
   "temperature":     298.150000000000,
   "unit": "hartree",
   "energy":     -13.497806538945,
   "free energy":     -13.443107410018,
   "G(T)":       0.054699128926,
   "ZPVE":       0.082198447721,
   "number of imags":0,
   "point group": "c1",
   "gradient norm":       0.000014589518
}
