{
   "temperature":     298.150000000000,
   "unit": "hartree",
   "energy":     -42.378627128203,
   "free energy":     -42.219937968631,
   "G(T)":       0.158689159571,
   "ZPVE":       0.199426929005,
   "number of imags":0,
   "point group": "c1",
   "gradient norm":       0.000091100407
}
