{
   "temperature":     298.150000000000,
   "unit": "hartree",
   "energy":     -26.550089348598,
   "free energy":     -26.438150241539,
   "G(T)":       0.111939107059,
   "ZPVE":       0.144761538099,
   "number of imags":0,
   "point group": "c1",
   "gradient norm":       0.000045233063
}
