{
    "partname": "prescreening",
    "runtime": 14.227364909951575,
    "results": {
        "CONF1": {
            "sp": {
                "energy": -348.165217946123
            },
            "gtot": -348.165217946123,
            "bmw": 0.9444033432686045
        },
        "CONF2": {
            "sp": {
                "energy": -348.162543611365
            },
            "gtot": -348.162543611365,
            "bmw": 0.055596656731395584
        }
    },
    "settings": {
        "threshold": 4.0,
        "func": "pbe-d4",
        "basis": "def2-sv(p)",
        "prog": "orca",
        "gfnv": "gfn2",
        "run": true,
        "template": false
    },
    "nconf_in": 2,
    "nconf_out": 2
}