{
   "temperature":     298.150000000000,
   "unit": "hartree",
   "energy":     -14.558596142331,
   "free energy":     -14.479971586202,
   "G(T)":       0.078624556129,
   "ZPVE":       0.106443944454,
   "number of imags":0,
   "point group": "c1",
   "gradient norm":       0.000051224095
}
