{
   "temperature":     298.150000000000,
   "unit": "hartree",
   "energy":     -15.773914463140,
   "free energy":     -15.670498833164,
   "G(T)":       0.103415629976,
   "ZPVE":       0.134659016706,
   "number of imags":0,
   "point group": "c1",
   "gradient norm":       0.000036127178
}
