{
    "partname": "prescreening",
    "runtime": 16.32674405700527,
    "results": {
        "CONF2": {
            "sp": {
                "energy": -197.236479284108
            },
            "gtot": -197.236479284108,
            "bmw": 0.2623433009237089
        },
        "CONF1": {
            "sp": {
                "energy": -197.237446264355
            },
            "gtot": -197.237446264355,
            "bmw": 0.7305502678027699
        },
        "CONF3": {
            "sp": {
                "energy": -197.233072051711
            },
            "gtot": -197.233072051711,
            "bmw": 0.007106431273521131
        }
    },
    "settings": {
        "threshold": 4.0,
        "func": "pbe-d4",
        "basis": "def2-sv(p)",
        "prog": "orca",
        "gfnv": "gfn2",
        "run": true,
        "template": false
    },
    "nconf_in": 3,
    "nconf_out": 3
}