{
    "partname": "screening",
    "runtime": 20.923019975074567,
    "results": {
        "CONF3": {
            "sp": {
                "energy": -197.684826456276
            },
            "gtot": -197.684826456276,
            "bmw": 0.005345167777654884
        },
        "CONF1": {
            "sp": {
                "energy": -197.689456055015
            },
            "gtot": -197.689456055015,
            "bmw": 0.7201606009821812
        },
        "CONF2": {
            "sp": {
                "energy": -197.688545348205
            },
            "gtot": -197.688545348205,
            "bmw": 0.2744942312401639
        }
    },
    "settings": {
        "threshold": 3.5,
        "func": "r2scan-3c",
        "basis": "def2-tzvp",
        "prog": "orca",
        "sm": "smd",
        "gfnv": "gfn2",
        "run": true,
        "implicit": false,
        "template": false
    },
    "nconf_in": 3,
    "nconf_out": 3
}