{
   "temperature":     298.150000000000,
   "unit": "hartree",
   "energy":     -13.520302299777,
   "free energy":     -13.465299223631,
   "G(T)":       0.055003076146,
   "ZPVE":       0.082709649790,
   "number of imags":0,
   "point group": "c1",
   "gradient norm":       0.000116843004
}
