{
   "temperature":     298.150000000000,
   "unit": "hartree",
   "energy":     -13.495162802569,
   "free energy":     -13.440877121801,
   "G(T)":       0.054285680768,
   "ZPVE":       0.081891044053,
   "number of imags":0,
   "point group": "c1",
   "gradient norm":       0.000035884353
}
