{
    "partname": "prescreening",
    "runtime": 7.69622675597202,
    "results": {
        "CONF1": {
            "sp": {
                "energy": -459.163192559342
            },
            "gtot": -459.163192559342,
            "bmw": 0.7172348565603645
        },
        "CONF2": {
            "sp": {
                "energy": -459.162313716008
            },
            "gtot": -459.162313716008,
            "bmw": 0.282762254483155
        },
        "CONF3": {
            "sp": {
                "energy": -459.151463659714
            },
            "gtot": -459.151463659714,
            "bmw": 2.8889564803228994e-06
        }
    },
    "settings": {
        "threshold": 4.0,
        "func": "pbe-d4",
        "basis": "def2-sv(p)",
        "prog": "orca",
        "gfnv": "gfn2",
        "run": true,
        "template": false
    },
    "nconf_in": 3,
    "nconf_out": 2
}