{
   "temperature":     298.150000000000,
   "unit": "hartree",
   "energy":     -43.363168017660,
   "free energy":     -43.209684955279,
   "G(T)":       0.153483062381,
   "ZPVE":       0.189848664881,
   "number of imags":0,
   "point group": "c1",
   "gradient norm":       0.000064097550
}
