{
   "temperature":     298.150000000000,
   "unit": "hartree",
   "energy":     -29.509570629885,
   "free energy":     -29.416112080148,
   "G(T)":       0.093458549737,
   "ZPVE":       0.127490477204,
   "number of imags":0,
   "point group": "c1",
   "gradient norm":       0.000056678757
}
