{
   "temperature":     298.150000000000,
   "unit": "hartree",
   "energy":     -23.158713149252,
   "free energy":     -22.977176370886,
   "G(T)":       0.181536778367,
   "ZPVE":       0.214923381094,
   "number of imags":0,
   "point group": "c1",
   "gradient norm":       0.000047170862
}
