{
   "temperature":     298.150000000000,
   "unit": "hartree",
   "energy":     -42.382443930697,
   "free energy":     -42.223892841673,
   "G(T)":       0.158551089025,
   "ZPVE":       0.199556489813,
   "number of imags":0,
   "point group": "c1",
   "gradient norm":       0.000019715547
}
