{
    "partname": "prescreening",
    "runtime": 23.178419835981913,
    "results": {
        "CONF2": {
            "sp": {
                "energy": -326.34174099583
            },
            "gtot": -326.34174099583,
            "bmw": 0.0007770217309453877
        },
        "CONF3": {
            "sp": {
                "energy": -326.332998183597
            },
            "gtot": -326.332998183597,
            "bmw": 7.3963576544673e-08
        },
        "CONF1": {
            "sp": {
                "energy": -326.348500657391
            },
            "gtot": -326.348500657391,
            "bmw": 0.9992226259401562
        },
        "CONF5": {
            "sp": {
                "energy": -326.332866058085
            },
            "gtot": -326.332866058085,
            "bmw": 6.43049455456447e-08
        },
        "CONF4": {
            "sp": {
                "energy": -326.334001553875
            },
            "gtot": -326.334001553875,
            "bmw": 2.1406037637531086e-07
        }
    },
    "settings": {
        "threshold": 4.0,
        "func": "pbe-d4",
        "basis": "def2-sv(p)",
        "prog": "orca",
        "gfnv": "gfn2",
        "run": true,
        "template": false
    },
    "nconf_in": 5,
    "nconf_out": 1
}