{
    "partname": "prescreening",
    "runtime": 7.593738234951161,
    "results": {
        "CONF5": {
            "sp": {
                "energy": -491.107121763607
            },
            "gtot": -491.107121763607,
            "bmw": 4.028858502653929e-05
        },
        "CONF4": {
            "sp": {
                "energy": -491.109636339099
            },
            "gtot": -491.109636339099,
            "bmw": 0.0005778387715761632
        },
        "CONF1": {
            "sp": {
                "energy": -491.115722527488
            },
            "gtot": -491.115722527488,
            "bmw": 0.36413259571828677
        },
        "CONF2": {
            "sp": {
                "energy": -491.116195551707
            },
            "gtot": -491.116195551707,
            "bmw": 0.6009462603617305
        },
        "CONF3": {
            "sp": {
                "energy": -491.113492096489
            },
            "gtot": -491.113492096489,
            "bmw": 0.034303016563380154
        }
    },
    "settings": {
        "threshold": 4.0,
        "func": "pbe-d4",
        "basis": "def2-sv(p)",
        "prog": "orca",
        "gfnv": "gfn2",
        "run": true,
        "template": false
    },
    "nconf_in": 5,
    "nconf_out": 3
}