{
    "partname": "screening",
    "runtime": 19.45966319204308,
    "results": {
        "CONF2": {
            "sp": {
                "energy": -492.058118809978
            },
            "gtot": -492.058118809978,
            "bmw": 0.6448450774672889
        },
        "CONF3": {
            "sp": {
                "energy": -492.054358840917
            },
            "gtot": -492.054358840917,
            "bmw": 0.01202234913653691
        },
        "CONF1": {
            "sp": {
                "energy": -492.057523130831
            },
            "gtot": -492.057523130831,
            "bmw": 0.3431325733961742
        }
    },
    "settings": {
        "threshold": 3.5,
        "func": "r2scan-3c",
        "basis": "def2-tzvp",
        "prog": "orca",
        "sm": "smd",
        "gfnv": "gfn2",
        "run": true,
        "implicit": false,
        "template": false
    },
    "nconf_in": 3,
    "nconf_out": 3
}