{
   "temperature":     298.150000000000,
   "unit": "hartree",
   "energy":     -27.186956852737,
   "free energy":     -27.086989446754,
   "G(T)":       0.099967405983,
   "ZPVE":       0.132622667364,
   "number of imags":0,
   "point group": "cs",
   "gradient norm":       0.000022468915
}
