{
   "temperature":     298.150000000000,
   "unit": "hartree",
   "energy":     -25.531162853441,
   "free energy":     -25.441341655392,
   "G(T)":       0.089821198049,
   "ZPVE":       0.122643216819,
   "number of imags":0,
   "point group": "c1",
   "gradient norm":       0.000051372420
}
