{
   "temperature":     298.150000000000,
   "unit": "hartree",
   "energy":     -22.486227352947,
   "free energy":     -22.377190708309,
   "G(T)":       0.109036644638,
   "ZPVE":       0.141404094958,
   "number of imags":0,
   "point group": "c1",
   "gradient norm":       0.000060144478
}
