{
   "temperature":     298.150000000000,
   "unit": "hartree",
   "energy":     -17.724409722752,
   "free energy":     -17.619929451374,
   "G(T)":       0.104480271378,
   "ZPVE":       0.134193872670,
   "number of imags":0,
   "point group": "c1",
   "gradient norm":       0.000040360054
}
