{
    "partname": "prescreening",
    "runtime": 15.715946546988562,
    "results": {
        "CONF2": {
            "sp": {
                "energy": -419.924266084474
            },
            "gtot": -419.924266084474,
            "bmw": 1.260934038088609e-07
        },
        "CONF1": {
            "sp": {
                "energy": -419.939265617415
            },
            "gtot": -419.939265617415,
            "bmw": 0.9999998739065962
        }
    },
    "settings": {
        "threshold": 4.0,
        "func": "pbe-d4",
        "basis": "def2-sv(p)",
        "prog": "orca",
        "gfnv": "gfn2",
        "run": true,
        "template": false
    },
    "nconf_in": 2,
    "nconf_out": 1
}