{
   "temperature":     298.150000000000,
   "unit": "hartree",
   "energy":     -42.917583074517,
   "free energy":     -42.811551011040,
   "G(T)":       0.106032063477,
   "ZPVE":       0.147067406590,
   "number of imags":0,
   "point group": "c2",
   "gradient norm":       0.000059680837
}
