{
   "temperature":     298.150000000000,
   "unit": "hartree",
   "energy":     -19.862438338637,
   "free energy":     -19.755729764867,
   "G(T)":       0.106708573770,
   "ZPVE":       0.138798606724,
   "number of imags":0,
   "point group": "c1",
   "gradient norm":       0.000036499771
}
