{
   "temperature":     298.150000000000,
   "unit": "hartree",
   "energy":     -26.323992415535,
   "free energy":     -26.116173779462,
   "G(T)":       0.207818636073,
   "ZPVE":       0.242867288617,
   "number of imags":0,
   "point group": "c1",
   "gradient norm":       0.000049733520
}
