{
   "temperature":     298.150000000000,
   "unit": "hartree",
   "energy":     -17.789234960820,
   "free energy":     -17.742366940882,
   "G(T)":       0.046868019938,
   "ZPVE":       0.077136636820,
   "number of imags":0,
   "point group": "cs",
   "gradient norm":       0.000027617934
}
