{
   "temperature":     298.150000000000,
   "unit": "hartree",
   "energy":     -27.186907282611,
   "free energy":     -27.086952795192,
   "G(T)":       0.099954487419,
   "ZPVE":       0.132607472507,
   "number of imags":0,
   "point group": "cs",
   "gradient norm":       0.000020108913
}
