{
    "partname": "prescreening",
    "runtime": 17.723949710954912,
    "results": {
        "CONF3": {
            "sp": {
                "energy": -534.2452382967
            },
            "gtot": -534.2452382967,
            "bmw": 0.18472496896547896
        },
        "CONF2": {
            "sp": {
                "energy": -534.245411933149
            },
            "gtot": -534.245411933149,
            "bmw": 0.22202037931940719
        },
        "CONF1": {
            "sp": {
                "energy": -534.246339928494
            },
            "gtot": -534.246339928494,
            "bmw": 0.5932546517151139
        }
    },
    "settings": {
        "threshold": 4.0,
        "func": "pbe-d4",
        "basis": "def2-sv(p)",
        "prog": "orca",
        "gfnv": "gfn2",
        "run": true,
        "template": false
    },
    "nconf_in": 3,
    "nconf_out": 3
}