{
    "partname": "screening",
    "runtime": 35.36328959092498,
    "results": {
        "CONF2": {
            "sp": {
                "energy": -535.248580957916
            },
            "gtot": -535.248580957916,
            "bmw": 0.1453417613051038
        },
        "CONF1": {
            "sp": {
                "energy": -535.250113182019
            },
            "gtot": -535.250113182019,
            "bmw": 0.7364863823459011
        },
        "CONF3": {
            "sp": {
                "energy": -535.248385560998
            },
            "gtot": -535.248385560998,
            "bmw": 0.11817185634899514
        }
    },
    "settings": {
        "threshold": 3.5,
        "func": "r2scan-3c",
        "basis": "def2-tzvp",
        "prog": "orca",
        "sm": "smd",
        "gfnv": "gfn2",
        "run": true,
        "implicit": false,
        "template": false
    },
    "nconf_in": 3,
    "nconf_out": 3
}