{
    "partname": "prescreening",
    "runtime": 12.123876495985314,
    "results": {
        "CONF3": {
            "sp": {
                "energy": -2691.669699428707
            },
            "gtot": -2691.669699428707,
            "bmw": 0.0027744117836711654
        },
        "CONF4": {
            "sp": {
                "energy": -2691.668664249426
            },
            "gtot": -2691.668664249426,
            "bmw": 0.0009268755167419925
        },
        "CONF2": {
            "sp": {
                "energy": -2691.674701427007
            },
            "gtot": -2691.674701427007,
            "bmw": 0.5545374458959784
        },
        "CONF1": {
            "sp": {
                "energy": -2691.674486752924
            },
            "gtot": -2691.674486752924,
            "bmw": 0.4417612668036085
        }
    },
    "settings": {
        "threshold": 4.0,
        "func": "pbe-d4",
        "basis": "def2-sv(p)",
        "prog": "orca",
        "gfnv": "gfn2",
        "run": true,
        "template": false
    },
    "nconf_in": 4,
    "nconf_out": 4
}