{
    "partname": "screening",
    "runtime": 18.861819398938678,
    "results": {
        "CONF4": {
            "sp": {
                "energy": -2692.626380874487
            },
            "gtot": -2692.626380874487,
            "bmw": 0.0007021719911864533
        },
        "CONF3": {
            "sp": {
                "energy": -2692.62804229365
            },
            "gtot": -2692.62804229365,
            "bmw": 0.004079842694794205
        },
        "CONF1": {
            "sp": {
                "energy": -2692.63256511279
            },
            "gtot": -2692.63256511279,
            "bmw": 0.49090360222766927
        },
        "CONF2": {
            "sp": {
                "energy": -2692.632590560498
            },
            "gtot": -2692.632590560498,
            "bmw": 0.5043143830863501
        }
    },
    "settings": {
        "threshold": 3.5,
        "func": "r2scan-3c",
        "basis": "def2-tzvp",
        "prog": "orca",
        "sm": "smd",
        "gfnv": "gfn2",
        "run": true,
        "implicit": false,
        "template": false
    },
    "nconf_in": 4,
    "nconf_out": 4
}