{
   "temperature":     298.150000000000,
   "unit": "hartree",
   "energy":     -15.773914260126,
   "free energy":     -15.670504285643,
   "G(T)":       0.103409974483,
   "ZPVE":       0.134658962347,
   "number of imags":0,
   "point group": "c1",
   "gradient norm":       0.000034041580
}
