{
   "temperature":     298.150000000000,
   "unit": "hartree",
   "energy":     -28.349415565507,
   "free energy":     -28.180026216418,
   "G(T)":       0.169389349089,
   "ZPVE":       0.204321056684,
   "number of imags":0,
   "point group": "c1",
   "gradient norm":       0.000041745197
}
