{
   "temperature":     298.150000000000,
   "unit": "hartree",
   "energy":     -25.320397186847,
   "free energy":     -25.128428886080,
   "G(T)":       0.191968300767,
   "ZPVE":       0.223752211930,
   "number of imags":0,
   "point group": "c2h",
   "gradient norm":       0.000045205004
}
