{
   "temperature":     298.150000000000,
   "unit": "hartree",
   "energy":     -16.690192062961,
   "free energy":     -16.609890683627,
   "G(T)":       0.080301379334,
   "ZPVE":       0.110526944698,
   "number of imags":0,
   "point group": "cs",
   "gradient norm":       0.000049809420
}
