{
   "temperature":     298.150000000000,
   "unit": "hartree",
   "energy":     -43.364057990494,
   "free energy":     -43.212134328487,
   "G(T)":       0.151923662007,
   "ZPVE":       0.189306403190,
   "number of imags":0,
   "point group": "c1",
   "gradient norm":       0.000190156444
}
