{
   "temperature":     298.150000000000,
   "unit": "hartree",
   "energy":     -43.359726643987,
   "free energy":     -43.210223263875,
   "G(T)":       0.149503380112,
   "ZPVE":       0.188052094688,
   "number of imags":0,
   "point group": "c1",
   "gradient norm":       0.000058061169
}
