{
    "partname": "prescreening",
    "runtime": 3.588708525057882,
    "results": {
        "CONF2": {
            "sp": {
                "energy": -194.797749103924
            },
            "gtot": -194.797749103924,
            "bmw": 0.5290276953318157
        },
        "CONF1": {
            "sp": {
                "energy": -194.797636939114
            },
            "gtot": -194.797636939114,
            "bmw": 0.46977096094877063
        },
        "CONF3": {
            "sp": {
                "energy": -194.792001290591
            },
            "gtot": -194.792001290591,
            "bmw": 0.0012013437194136674
        }
    },
    "settings": {
        "threshold": 4.0,
        "func": "pbe-d4",
        "basis": "def2-sv(p)",
        "prog": "orca",
        "gfnv": "gfn2",
        "run": true,
        "template": false
    },
    "nconf_in": 3,
    "nconf_out": 3
}