{
    "partname": "screening",
    "runtime": 10.521364908083342,
    "results": {
        "CONF1": {
            "sp": {
                "energy": -195.210313578807
            },
            "gtot": -195.210313578807,
            "bmw": 0.4625784287643682
        },
        "CONF3": {
            "sp": {
                "energy": -195.20482925111
            },
            "gtot": -195.20482925111,
            "bmw": 0.001388574717800634
        },
        "CONF2": {
            "sp": {
                "energy": -195.210452732238
            },
            "gtot": -195.210452732238,
            "bmw": 0.5360329965178311
        }
    },
    "settings": {
        "threshold": 3.5,
        "func": "r2scan-3c",
        "basis": "def2-tzvp",
        "prog": "orca",
        "sm": "smd",
        "gfnv": "gfn2",
        "run": true,
        "implicit": false,
        "template": false
    },
    "nconf_in": 3,
    "nconf_out": 3
}