{
   "temperature":     298.150000000000,
   "unit": "hartree",
   "energy":     -30.766759342008,
   "free energy":     -30.624509672925,
   "G(T)":       0.142249669083,
   "ZPVE":       0.175919947363,
   "number of imags":0,
   "point group": "d2",
   "gradient norm":       0.000070601252
}
