{
    "partname": "prescreening",
    "runtime": 16.09893771901261,
    "results": {
        "CONF2": {
            "sp": {
                "energy": -1840.126905216664
            },
            "gtot": -1840.126905216664,
            "bmw": 0.7131289301068641
        },
        "CONF1": {
            "sp": {
                "energy": -1840.126045415191
            },
            "gtot": -1840.126045415191,
            "bmw": 0.28687106989313593
        }
    },
    "settings": {
        "threshold": 4.0,
        "func": "pbe-d4",
        "basis": "def2-sv(p)",
        "prog": "orca",
        "gfnv": "gfn2",
        "run": true,
        "template": false
    },
    "nconf_in": 2,
    "nconf_out": 2
}