{
   "temperature":     298.150000000000,
   "unit": "hartree",
   "energy":     -71.235649780994,
   "free energy":     -71.211891080314,
   "G(T)":       0.023758700679,
   "ZPVE":       0.079349966224,
   "number of imags":0,
   "point group": "d2d",
   "gradient norm":       0.000050618217
}
