{
   "temperature":     298.150000000000,
   "unit": "hartree",
   "energy":     -16.982525617010,
   "free energy":     -16.913320516179,
   "G(T)":       0.069205100831,
   "ZPVE":       0.099467882226,
   "number of imags":0,
   "point group": "c1",
   "gradient norm":       0.000066523613
}
