{
   "temperature":     298.150000000000,
   "unit": "hartree",
   "energy":     -15.635622658159,
   "free energy":     -15.577613701870,
   "G(T)":       0.058008956289,
   "ZPVE":       0.087064681313,
   "number of imags":0,
   "point group": "cs",
   "gradient norm":       0.000006405657
}
