{
    "partname": "prescreening",
    "runtime": 158.11449029506184,
    "results": {
        "CONF1": {
            "sp": {
                "energy": -192.664200012327
            },
            "gtot": -192.664200012327,
            "bmw": 0.587001351375105
        },
        "CONF4": {
            "sp": {
                "energy": -192.657711980147
            },
            "gtot": -192.657711980147,
            "bmw": 0.0006086265215279334
        },
        "CONF5": {
            "sp": {
                "energy": -192.660329040039
            },
            "gtot": -192.660329040039,
            "bmw": 0.009730050582253732
        },
        "CONF2": {
            "sp": {
                "energy": -192.663591299637
            },
            "gtot": -192.663591299637,
            "bmw": 0.30807087686140905
        },
        "CONF6": {
            "sp": {
                "energy": -192.662330650647
            },
            "gtot": -192.662330650647,
            "bmw": 0.0810573213150007
        },
        "CONF7": {
            "sp": {
                "energy": -192.658258014358
            },
            "gtot": -192.658258014358,
            "bmw": 0.001085198600285713
        },
        "CONF3": {
            "sp": {
                "energy": -192.660561522986
            },
            "gtot": -192.660561522986,
            "bmw": 0.012446574744418038
        }
    },
    "settings": {
        "threshold": 4.0,
        "func": "pbe-d4",
        "basis": "def2-sv(p)",
        "prog": "orca",
        "gfnv": "gfn2",
        "run": true,
        "template": false
    },
    "nconf_in": 7,
    "nconf_out": 6
}