{
    "partname": "screening",
    "runtime": 23.454568622051738,
    "results": {
        "CONF7": {
            "sp": {
                "energy": -193.063567371397
            },
            "gtot": -193.063567371397,
            "bmw": 0.0026666758216272925
        },
        "CONF2": {
            "sp": {
                "energy": -193.068209912789
            },
            "gtot": -193.068209912789,
            "bmw": 0.3642431959249164
        },
        "CONF1": {
            "sp": {
                "energy": -193.068473822025
            },
            "gtot": -193.068473822025,
            "bmw": 0.48170515473482545
        },
        "CONF5": {
            "sp": {
                "energy": -193.065547801826
            },
            "gtot": -193.065547801826,
            "bmw": 0.021722267868031806
        },
        "CONF3": {
            "sp": {
                "energy": -193.065477075457
            },
            "gtot": -193.065477075457,
            "bmw": 0.020154558406247566
        },
        "CONF6": {
            "sp": {
                "energy": -193.067075171167
            },
            "gtot": -193.067075171167,
            "bmw": 0.10950814724435153
        }
    },
    "settings": {
        "threshold": 3.5,
        "func": "r2scan-3c",
        "basis": "def2-tzvp",
        "prog": "orca",
        "sm": "smd",
        "gfnv": "gfn2",
        "run": true,
        "implicit": false,
        "template": false
    },
    "nconf_in": 6,
    "nconf_out": 6
}