{
   "temperature":     298.150000000000,
   "unit": "hartree",
   "energy":     -26.288902357692,
   "free energy":     -26.165619307546,
   "G(T)":       0.123283050146,
   "ZPVE":       0.157068602640,
   "number of imags":0,
   "point group": "c1",
   "gradient norm":       0.000080506401
}
