{
   "temperature":     298.150000000000,
   "unit": "hartree",
   "energy":     -16.982525849567,
   "free energy":     -16.913278426426,
   "G(T)":       0.069247423141,
   "ZPVE":       0.099467132152,
   "number of imags":0,
   "point group": "cs",
   "gradient norm":       0.000124040054
}
