{
   "temperature":     298.150000000000,
   "unit": "hartree",
   "energy":     -51.304891647452,
   "free energy":     -51.195665955108,
   "G(T)":       0.109225692344,
   "ZPVE":       0.155785913424,
   "number of imags":0,
   "point group": "c1",
   "gradient norm":       0.000048651069
}
