{
   "temperature":     298.150000000000,
   "unit": "hartree",
   "energy":     -35.708748924962,
   "free energy":     -35.462874374397,
   "G(T)":       0.245874550565,
   "ZPVE":       0.283530785104,
   "number of imags":0,
   "point group": "c1",
   "gradient norm":       0.000022487233
}
