{
   "temperature":     298.150000000000,
   "unit": "hartree",
   "energy":     -35.711362299823,
   "free energy":     -35.465670194035,
   "G(T)":       0.245692105788,
   "ZPVE":       0.283259166197,
   "number of imags":0,
   "point group": "c1",
   "gradient norm":       0.000060883429
}
