{
    "partname": "prescreening",
    "runtime": 6.525177393108606,
    "results": {
        "CONF7": {
            "sp": {
                "energy": -229.722625151383
            },
            "gtot": -229.722625151383,
            "bmw": 0.004532493366414811
        },
        "CONF12": {
            "sp": {
                "energy": -229.717450416456
            },
            "gtot": -229.717450416456,
            "bmw": 1.888529926014672e-05
        },
        "CONF2": {
            "sp": {
                "energy": -229.723187246509
            },
            "gtot": -229.723187246509,
            "bmw": 0.008220212381837066
        },
        "CONF1": {
            "sp": {
                "energy": -229.726968135047
            },
            "gtot": -229.726968135047,
            "bmw": 0.45078700152119033
        },
        "CONF8": {
            "sp": {
                "energy": -229.722386293159
            },
            "gtot": -229.722386293159,
            "bmw": 0.0035194110981212846
        },
        "CONF11": {
            "sp": {
                "energy": -229.719895748305
            },
            "gtot": -229.719895748305,
            "bmw": 0.0002517089533575812
        },
        "CONF4": {
            "sp": {
                "energy": -229.722698861553
            },
            "gtot": -229.722698861553,
            "bmw": 0.00490051258071676
        },
        "CONF6": {
            "sp": {
                "energy": -229.724847522151
            },
            "gtot": -229.724847522151,
            "bmw": 0.0477042389264018
        },
        "CONF10": {
            "sp": {
                "energy": -229.716172293751
            },
            "gtot": -229.716172293751,
            "bmw": 4.877846410324949e-06
        },
        "CONF5": {
            "sp": {
                "energy": -229.722861713823
            },
            "gtot": -229.722861713823,
            "bmw": 0.005823021150232684
        },
        "CONF9": {
            "sp": {
                "energy": -229.720903527449
            },
            "gtot": -229.720903527449,
            "bmw": 0.000731888600653786
        },
        "CONF3": {
            "sp": {
                "energy": -229.727014559719
            },
            "gtot": -229.727014559719,
            "bmw": 0.4735057482754033
        }
    },
    "settings": {
        "threshold": 4.0,
        "func": "pbe-d4",
        "basis": "def2-sv(p)",
        "prog": "orca",
        "gfnv": "gfn2",
        "run": true,
        "template": false
    },
    "nconf_in": 12,
    "nconf_out": 9
}