{
    "partname": "screening",
    "runtime": 11.715913449996151,
    "results": {
        "CONF4": {
            "sp": {
                "energy": -230.206637804482
            },
            "gtot": -230.206637804482,
            "bmw": 0.006796481215380776
        },
        "CONF9": {
            "sp": {
                "energy": -230.205262348901
            },
            "gtot": -230.205262348901,
            "bmw": 0.001583501019444459
        },
        "CONF7": {
            "sp": {
                "energy": -230.20641220378
            },
            "gtot": -230.20641220378,
            "bmw": 0.005351986151015199
        },
        "CONF2": {
            "sp": {
                "energy": -230.20661988574
            },
            "gtot": -230.20661988574,
            "bmw": 0.006668713659066039
        },
        "CONF8": {
            "sp": {
                "energy": -230.206349636817
            },
            "gtot": -230.206349636817,
            "bmw": 0.005008828594445721
        },
        "CONF6": {
            "sp": {
                "energy": -230.20923520936
            },
            "gtot": -230.20923520936,
            "bmw": 0.10641617997701044
        },
        "CONF1": {
            "sp": {
                "energy": -230.210503703007
            },
            "gtot": -230.210503703007,
            "bmw": 0.407825478621476
        },
        "CONF3": {
            "sp": {
                "energy": -230.210607049216
            },
            "gtot": -230.210607049216,
            "bmw": 0.45499887223488616
        },
        "CONF5": {
            "sp": {
                "energy": -230.206411846004
            },
            "gtot": -230.206411846004,
            "bmw": 0.00534995852727537
        }
    },
    "settings": {
        "threshold": 3.5,
        "func": "r2scan-3c",
        "basis": "def2-tzvp",
        "prog": "orca",
        "sm": "smd",
        "gfnv": "gfn2",
        "run": true,
        "implicit": false,
        "template": false
    },
    "nconf_in": 9,
    "nconf_out": 9
}