{
    "partname": "prescreening",
    "runtime": 33.58449876192026,
    "results": {
        "CONF13": {
            "sp": {
                "energy": -745.169967408573
            },
            "gtot": -745.169967408573,
            "bmw": 0.00029477383651713173
        },
        "CONF7": {
            "sp": {
                "energy": -745.170664977227
            },
            "gtot": -745.170664977227,
            "bmw": 0.0006170897099344609
        },
        "CONF3": {
            "sp": {
                "energy": -745.17575568892
            },
            "gtot": -745.17575568892,
            "bmw": 0.13549198275528146
        },
        "CONF2": {
            "sp": {
                "energy": -745.175118590812
            },
            "gtot": -745.175118590812,
            "bmw": 0.06900312402220832
        },
        "CONF8": {
            "sp": {
                "energy": -745.170552107732
            },
            "gtot": -745.170552107732,
            "bmw": 0.0005475602719445732
        },
        "CONF12": {
            "sp": {
                "energy": -745.170127195579
            },
            "gtot": -745.170127195579,
            "bmw": 0.0003491289554583876
        },
        "CONF11": {
            "sp": {
                "energy": -745.170237027948
            },
            "gtot": -745.170237027948,
            "bmw": 0.0003921978981133352
        },
        "CONF9": {
            "sp": {
                "energy": -745.170440815564
            },
            "gtot": -745.170440815564,
            "bmw": 0.0004866772851270297
        },
        "CONF4": {
            "sp": {
                "energy": -745.175639710653
            },
            "gtot": -745.175639710653,
            "bmw": 0.11983047697305417
        },
        "CONF1": {
            "sp": {
                "energy": -745.177234807698
            },
            "gtot": -745.177234807698,
            "bmw": 0.6490245755152728
        },
        "CONF6": {
            "sp": {
                "energy": -745.16975080722
            },
            "gtot": -745.16975080722,
            "bmw": 0.00023434689729663128
        },
        "CONF10": {
            "sp": {
                "energy": -745.170353260265
            },
            "gtot": -745.170353260265,
            "bmw": 0.0004435763948377865
        },
        "CONF5": {
            "sp": {
                "energy": -745.174092863222
            },
            "gtot": -745.174092863222,
            "bmw": 0.023284489484954027
        }
    },
    "settings": {
        "threshold": 4.0,
        "func": "pbe-d4",
        "basis": "def2-sv(p)",
        "prog": "orca",
        "gfnv": "gfn2",
        "run": true,
        "template": false
    },
    "nconf_in": 13,
    "nconf_out": 5
}