{
    "partname": "screening",
    "runtime": 98.1780724870041,
    "results": {
        "CONF5": {
            "sp": {
                "energy": -746.589407698928
            },
            "gtot": -746.589407698928,
            "bmw": 0.00943355190184045
        },
        "CONF1": {
            "sp": {
                "energy": -746.593389021042
            },
            "gtot": -746.593389021042,
            "bmw": 0.6396709862977314
        },
        "CONF4": {
            "sp": {
                "energy": -746.591868071178
            },
            "gtot": -746.591868071178,
            "bmw": 0.1277521275501981
        },
        "CONF2": {
            "sp": {
                "energy": -746.591447835443
            },
            "gtot": -746.591447835443,
            "bmw": 0.08186025316028875
        },
        "CONF3": {
            "sp": {
                "energy": -746.591963125618
            },
            "gtot": -746.591963125618,
            "bmw": 0.1412830810899411
        }
    },
    "settings": {
        "threshold": 3.5,
        "func": "r2scan-3c",
        "basis": "def2-tzvp",
        "prog": "orca",
        "sm": "smd",
        "gfnv": "gfn2",
        "run": true,
        "implicit": false,
        "template": false
    },
    "nconf_in": 5,
    "nconf_out": 5
}