{
   "temperature":     298.150000000000,
   "unit": "hartree",
   "energy":     -43.362060801331,
   "free energy":     -43.208832776134,
   "G(T)":       0.153228025198,
   "ZPVE":       0.189379294877,
   "number of imags":0,
   "point group": "c1",
   "gradient norm":       0.000193880783
}
