{
   "temperature":     298.150000000000,
   "unit": "hartree",
   "energy":     -22.486772756502,
   "free energy":     -22.377733361164,
   "G(T)":       0.109039395338,
   "ZPVE":       0.141429688425,
   "number of imags":0,
   "point group": "cs",
   "gradient norm":       0.000050075777
}
