{
   "temperature":     298.150000000000,
   "unit": "hartree",
   "energy":     -27.181222761411,
   "free energy":     -27.081325539369,
   "G(T)":       0.099897222042,
   "ZPVE":       0.132605300239,
   "number of imags":0,
   "point group": "cs",
   "gradient norm":       0.000028951550
}
