{
   "temperature":     298.150000000000,
   "unit": "hartree",
   "energy":     -32.933696002305,
   "free energy":     -32.784921889998,
   "G(T)":       0.148774112307,
   "ZPVE":       0.182541448088,
   "number of imags":0,
   "point group": "c2v",
   "gradient norm":       0.000022404353
}
