{
   "temperature":     298.150000000000,
   "unit": "hartree",
   "energy":     -51.020415457202,
   "free energy":     -50.938765705132,
   "G(T)":       0.081649752071,
   "ZPVE":       0.127800389209,
   "number of imags":0,
   "point group": "c2v",
   "gradient norm":       0.000031387733
}
