{
   "temperature":     298.150000000000,
   "unit": "hartree",
   "energy":     -20.668263330266,
   "free energy":     -20.614716669060,
   "G(T)":       0.053546661207,
   "ZPVE":       0.084090715525,
   "number of imags":0,
   "point group": "cs",
   "gradient norm":       0.000027292326
}
