{
   "temperature":     298.150000000000,
   "unit": "hartree",
   "energy":     -17.727817567306,
   "free energy":     -17.623351745267,
   "G(T)":       0.104465822039,
   "ZPVE":       0.134202519655,
   "number of imags":0,
   "point group": "c1",
   "gradient norm":       0.000038828878
}
