{
    "partname": "prescreening",
    "runtime": 10.773639249033295,
    "results": {
        "CONF5": {
            "sp": {
                "energy": -283.756647633972
            },
            "gtot": -283.756647633972,
            "bmw": 0.158885799078552
        },
        "CONF4": {
            "sp": {
                "energy": -283.756595269997
            },
            "gtot": -283.756595269997,
            "bmw": 0.15031396167376868
        },
        "CONF6": {
            "sp": {
                "energy": -283.756777048346
            },
            "gtot": -283.756777048346,
            "bmw": 0.18222651688439143
        },
        "CONF1": {
            "sp": {
                "energy": -283.757174843747
            },
            "gtot": -283.757174843747,
            "bmw": 0.2777056994089411
        },
        "CONF3": {
            "sp": {
                "energy": -283.756504821716
            },
            "gtot": -283.756504821716,
            "bmw": 0.13658279374600962
        },
        "CONF2": {
            "sp": {
                "energy": -283.756154901125
            },
            "gtot": -283.756154901125,
            "bmw": 0.09428522920833726
        }
    },
    "settings": {
        "threshold": 4.0,
        "func": "pbe-d4",
        "basis": "def2-sv(p)",
        "prog": "orca",
        "gfnv": "gfn2",
        "run": true,
        "template": false
    },
    "nconf_in": 6,
    "nconf_out": 6
}