{
    "partname": "screening",
    "runtime": 17.228917744010687,
    "results": {
        "CONF6": {
            "sp": {
                "energy": -284.281055189472
            },
            "gtot": -284.281055189472,
            "bmw": 0.13985977836295427
        },
        "CONF2": {
            "sp": {
                "energy": -284.281205946712
            },
            "gtot": -284.281205946712,
            "bmw": 0.16407271553119135
        },
        "CONF3": {
            "sp": {
                "energy": -284.281124226144
            },
            "gtot": -284.281124226144,
            "bmw": 0.150469163535292
        },
        "CONF4": {
            "sp": {
                "energy": -284.281099795354
            },
            "gtot": -284.281099795354,
            "bmw": 0.1466257076633409
        },
        "CONF5": {
            "sp": {
                "energy": -284.281054792999
            },
            "gtot": -284.281054792999,
            "bmw": 0.13980106205407744
        },
        "CONF1": {
            "sp": {
                "energy": -284.281637609195
            },
            "gtot": -284.281637609195,
            "bmw": 0.2591715728531439
        }
    },
    "settings": {
        "threshold": 3.5,
        "func": "r2scan-3c",
        "basis": "def2-tzvp",
        "prog": "orca",
        "sm": "smd",
        "gfnv": "gfn2",
        "run": true,
        "implicit": false,
        "template": false
    },
    "nconf_in": 6,
    "nconf_out": 6
}