{
   "temperature":     298.150000000000,
   "unit": "hartree",
   "energy":     -15.773915421078,
   "free energy":     -15.670496272841,
   "G(T)":       0.103419148237,
   "ZPVE":       0.134665623781,
   "number of imags":0,
   "point group": "c1",
   "gradient norm":       0.000032882354
}
