{
   "temperature":     298.150000000000,
   "unit": "hartree",
   "energy":     -21.651981529129,
   "free energy":     -21.608386295323,
   "G(T)":       0.043595233806,
   "ZPVE":       0.077418695425,
   "number of imags":0,
   "point group": "cs",
   "gradient norm":       0.000071939043
}
