{
   "temperature":     298.150000000000,
   "unit": "hartree",
   "energy":     -23.369802284768,
   "free energy":     -23.297365478158,
   "G(T)":       0.072436806610,
   "ZPVE":       0.103988415346,
   "number of imags":0,
   "point group": "cs",
   "gradient norm":       0.000039718222
}
