{
   "temperature":     298.150000000000,
   "unit": "hartree",
   "energy":     -43.359659738306,
   "free energy":     -43.209776325818,
   "G(T)":       0.149883412488,
   "ZPVE":       0.188391114933,
   "number of imags":0,
   "point group": "c1",
   "gradient norm":       0.000159223792
}
