{
   "temperature":     298.150000000000,
   "unit": "hartree",
   "energy":     -19.588907750698,
   "free energy":     -19.518761390772,
   "G(T)":       0.070146359925,
   "ZPVE":       0.100668341799,
   "number of imags":0,
   "point group": "cs",
   "gradient norm":       0.000027499410
}
