{
   "temperature":     298.150000000000,
   "unit": "hartree",
   "energy":     -14.950350709995,
   "free energy":     -14.925345286901,
   "G(T)":       0.025005423094,
   "ZPVE":       0.055343779468,
   "number of imags":0,
   "point group": "cs",
   "gradient norm":       0.000103807128
}
