{
   "temperature":     298.150000000000,
   "unit": "hartree",
   "energy":     -13.917313929209,
   "free energy":     -13.826129158840,
   "G(T)":       0.091184770369,
   "ZPVE":       0.119152103097,
   "number of imags":0,
   "point group": "c1",
   "gradient norm":       0.000026511318
}
