{
   "temperature":     298.150000000000,
   "unit": "hartree",
   "energy":     -19.451330913004,
   "free energy":     -19.436991019409,
   "G(T)":       0.014339893595,
   "ZPVE":       0.045895239523,
   "number of imags":0,
   "point group": "cs",
   "gradient norm":       0.000073711823
}
