{
   "temperature":     298.150000000000,
   "unit": "hartree",
   "energy":     -23.488681300941,
   "free energy":     -23.485613830915,
   "G(T)":       0.003067470026,
   "ZPVE":       0.036151011880,
   "number of imags":0,
   "point group": "c2",
   "gradient norm":       0.000016519786
}
