{
   "temperature":     298.150000000000,
   "unit": "hartree",
   "energy":     -15.767843420226,
   "free energy":     -15.664903996763,
   "G(T)":       0.102939423463,
   "ZPVE":       0.134841463439,
   "number of imags":0,
   "point group": "c1",
   "gradient norm":       0.000058924222
}
