{
    "partname": "prescreening",
    "runtime": 34.94046265503857,
    "results": {
        "CONF4": {
            "sp": {
                "energy": -234.038350622865
            },
            "gtot": -234.038350622865,
            "bmw": 0.0005421576444067206
        },
        "CONF7": {
            "sp": {
                "energy": -234.037127730552
            },
            "gtot": -234.037127730552,
            "bmw": 0.0001484684101034326
        },
        "CONF1": {
            "sp": {
                "energy": -234.045440473508
            },
            "gtot": -234.045440473508,
            "bmw": 0.9890793731924903
        },
        "CONF5": {
            "sp": {
                "energy": -234.038428366173
            },
            "gtot": -234.038428366173,
            "bmw": 0.0005886877952689995
        },
        "CONF6": {
            "sp": {
                "energy": -234.037990755378
            },
            "gtot": -234.037990755378,
            "bmw": 0.0003703377636046259
        },
        "CONF3": {
            "sp": {
                "energy": -234.038175241824
            },
            "gtot": -234.038175241824,
            "bmw": 0.0004502522490699525
        },
        "CONF2": {
            "sp": {
                "energy": -234.040984236883
            },
            "gtot": -234.040984236883,
            "bmw": 0.008820722945056023
        }
    },
    "settings": {
        "threshold": 4.0,
        "func": "pbe-d4",
        "basis": "def2-sv(p)",
        "prog": "orca",
        "gfnv": "gfn2",
        "run": true,
        "template": false
    },
    "nconf_in": 7,
    "nconf_out": 2
}