{
   "temperature":     298.150000000000,
   "unit": "hartree",
   "energy":     -22.481318171151,
   "free energy":     -22.371875000584,
   "G(T)":       0.109443170567,
   "ZPVE":       0.141028074477,
   "number of imags":0,
   "point group": "c1",
   "gradient norm":       0.000044431513
}
