{
   "temperature":     298.150000000000,
   "unit": "hartree",
   "energy":     -22.494363681241,
   "free energy":     -22.388272108344,
   "G(T)":       0.106091572897,
   "ZPVE":       0.139937529677,
   "number of imags":0,
   "point group": "c1",
   "gradient norm":       0.000064735578
}
