{
   "temperature":     298.150000000000,
   "unit": "hartree",
   "energy":     -21.651981304458,
   "free energy":     -21.608473533421,
   "G(T)":       0.043507771038,
   "ZPVE":       0.077415843891,
   "number of imags":0,
   "point group": "cs",
   "gradient norm":       0.000033475589
}
