{
   "temperature":     298.150000000000,
   "unit": "hartree",
   "energy":     -13.481666478431,
   "free energy":     -13.440848549065,
   "G(T)":       0.040817929366,
   "ZPVE":       0.069030879775,
   "number of imags":0,
   "point group": "cs",
   "gradient norm":       0.000015175566
}
