{
   "temperature":     298.150000000000,
   "unit": "hartree",
   "energy":     -19.863723240262,
   "free energy":     -19.756489313984,
   "G(T)":       0.107233926278,
   "ZPVE":       0.139041365572,
   "number of imags":0,
   "point group": "c1",
   "gradient norm":       0.000104223835
}
