{
   "temperature":     298.150000000000,
   "unit": "hartree",
   "energy":     -30.352212503405,
   "free energy":     -30.228128767746,
   "G(T)":       0.124083735659,
   "ZPVE":       0.159750060070,
   "number of imags":0,
   "point group": "c1",
   "gradient norm":       0.000046980216
}
