{
   "temperature":     298.150000000000,
   "unit": "hartree",
   "energy":     -15.016335342271,
   "free energy":     -14.944220806867,
   "G(T)":       0.072114535404,
   "ZPVE":       0.101252822615,
   "number of imags":0,
   "point group": "cs",
   "gradient norm":       0.000027288950
}
