{
   "temperature":     298.150000000000,
   "unit": "hartree",
   "energy":     -15.769844893911,
   "free energy":     -15.665853794213,
   "G(T)":       0.103991099698,
   "ZPVE":       0.134921594132,
   "number of imags":0,
   "point group": "c1",
   "gradient norm":       0.000051096746
}
