{
   "temperature":     298.150000000000,
   "unit": "hartree",
   "energy":     -15.447400877039,
   "free energy":     -15.392939645231,
   "G(T)":       0.054461231808,
   "ZPVE":       0.081622784117,
   "number of imags":0,
   "point group": "c2h",
   "gradient norm":       0.000014542329
}
