{
   "temperature":     298.150000000000,
   "unit": "hartree",
   "energy":     -23.956691294503,
   "free energy":     -23.848513633566,
   "G(T)":       0.108177660937,
   "ZPVE":       0.142802997078,
   "number of imags":0,
   "point group": "c1",
   "gradient norm":       0.000032058098
}
