{
   "temperature":     298.150000000000,
   "unit": "hartree",
   "energy":     -14.555885607111,
   "free energy":     -14.477477752129,
   "G(T)":       0.078407854982,
   "ZPVE":       0.106255420423,
   "number of imags":0,
   "point group": "c1",
   "gradient norm":       0.000033721696
}
