{
    "partname": "prescreening",
    "runtime": 5.62178933492396,
    "results": {
        "CONF1": {
            "sp": {
                "energy": -210.883117644167
            },
            "gtot": -210.883117644167,
            "bmw": 0.552181602959806
        },
        "CONF2": {
            "sp": {
                "energy": -210.882916513113
            },
            "gtot": -210.882916513113,
            "bmw": 0.44623954305412483
        },
        "CONF3": {
            "sp": {
                "energy": -210.877587391895
            },
            "gtot": -210.877587391895,
            "bmw": 0.0015788539860691086
        }
    },
    "settings": {
        "threshold": 4.0,
        "func": "pbe-d4",
        "basis": "def2-sv(p)",
        "prog": "orca",
        "gfnv": "gfn2",
        "run": true,
        "template": false
    },
    "nconf_in": 3,
    "nconf_out": 3
}