{
    "partname": "screening",
    "runtime": 11.273968845023774,
    "results": {
        "CONF1": {
            "sp": {
                "energy": -211.313663925437
            },
            "gtot": -211.313663925437,
            "bmw": 0.59607491601518
        },
        "CONF2": {
            "sp": {
                "energy": -211.313292771609
            },
            "gtot": -211.313292771609,
            "bmw": 0.4023295233404422
        },
        "CONF3": {
            "sp": {
                "energy": -211.308071391538
            },
            "gtot": -211.308071391538,
            "bmw": 0.0015955606443777681
        }
    },
    "settings": {
        "threshold": 3.5,
        "func": "r2scan-3c",
        "basis": "def2-tzvp",
        "prog": "orca",
        "sm": "smd",
        "gfnv": "gfn2",
        "run": true,
        "implicit": false,
        "template": false
    },
    "nconf_in": 3,
    "nconf_out": 3
}