{
   "temperature":     298.150000000000,
   "unit": "hartree",
   "energy":     -18.586746004315,
   "free energy":     -18.534150111870,
   "G(T)":       0.052595892445,
   "ZPVE":       0.083628331782,
   "number of imags":0,
   "point group": "c1",
   "gradient norm":       0.000025328593
}
