{
   "temperature":     298.150000000000,
   "unit": "hartree",
   "energy":     -34.681573709956,
   "free energy":     -34.458803761605,
   "G(T)":       0.222769948351,
   "ZPVE":       0.260315479956,
   "number of imags":0,
   "point group": "c1",
   "gradient norm":       0.000035680825
}
