{
   "temperature":     298.150000000000,
   "unit": "hartree",
   "energy":     -33.627081839604,
   "free energy":     -33.429206895105,
   "G(T)":       0.197874944499,
   "ZPVE":       0.235945443423,
   "number of imags":0,
   "point group": "c1",
   "gradient norm":       0.000053227911
}
