{
   "temperature":     298.150000000000,
   "unit": "hartree",
   "energy":     -20.787846457068,
   "free energy":     -20.705188872863,
   "G(T)":       0.082657584206,
   "ZPVE":       0.115197790301,
   "number of imags":0,
   "point group": "c1",
   "gradient norm":       0.000037267170
}
