{
   "temperature":     298.150000000000,
   "unit": "hartree",
   "energy":     -18.584329707616,
   "free energy":     -18.531963721312,
   "G(T)":       0.052365986305,
   "ZPVE":       0.083519369719,
   "number of imags":0,
   "point group": "c1",
   "gradient norm":       0.000048891977
}
