{
   "temperature":     298.150000000000,
   "unit": "hartree",
   "energy":     -16.829516444835,
   "free energy":     -16.700611001245,
   "G(T)":       0.128905443590,
   "ZPVE":       0.158976405797,
   "number of imags":0,
   "point group": "cs",
   "gradient norm":       0.000029507273
}
