{
   "temperature":     298.150000000000,
   "unit": "hartree",
   "energy":     -22.494365044298,
   "free energy":     -22.388356300110,
   "G(T)":       0.106008744188,
   "ZPVE":       0.139931701563,
   "number of imags":0,
   "point group": "cs",
   "gradient norm":       0.000049182997
}
