{
   "temperature":     298.150000000000,
   "unit": "hartree",
   "energy":     -19.862632091402,
   "free energy":     -19.755211443808,
   "G(T)":       0.107420647594,
   "ZPVE":       0.139076101170,
   "number of imags":0,
   "point group": "c1",
   "gradient norm":       0.000038654460
}
