{
   "temperature":     298.150000000000,
   "unit": "hartree",
   "energy":     -14.760511358965,
   "free energy":     -14.673326490995,
   "G(T)":       0.087184867971,
   "ZPVE":       0.114746318824,
   "number of imags":0,
   "point group": "cs",
   "gradient norm":       0.000036132257
}
