{
    "partname": "prescreening",
    "runtime": 20.460433744010516,
    "results": {
        "CONF1": {
            "sp": {
                "energy": -247.972313996761
            },
            "gtot": -247.972313996761,
            "bmw": 0.06595704611298929
        },
        "CONF5": {
            "sp": {
                "energy": -247.972136357623
            },
            "gtot": -247.972136357623,
            "bmw": 0.05464530445505396
        },
        "CONF4": {
            "sp": {
                "energy": -247.972308401516
            },
            "gtot": -247.972308401516,
            "bmw": 0.06556733967297014
        },
        "CONF2": {
            "sp": {
                "energy": -247.974195621621
            },
            "gtot": -247.974195621621,
            "bmw": 0.4838923133066091
        },
        "CONF3": {
            "sp": {
                "energy": -247.973834039223
            },
            "gtot": -247.973834039223,
            "bmw": 0.3299379964523776
        }
    },
    "settings": {
        "threshold": 4.0,
        "func": "pbe-d4",
        "basis": "def2-sv(p)",
        "prog": "orca",
        "gfnv": "gfn2",
        "run": true,
        "template": false
    },
    "nconf_in": 5,
    "nconf_out": 5
}