{
    "partname": "screening",
    "runtime": 29.32551938900724,
    "results": {
        "CONF2": {
            "sp": {
                "energy": -248.473079779922
            },
            "gtot": -248.473079779922,
            "bmw": 0.45140317499218696
        },
        "CONF3": {
            "sp": {
                "energy": -248.472625652838
            },
            "gtot": -248.472625652838,
            "bmw": 0.27904908955750013
        },
        "CONF1": {
            "sp": {
                "energy": -248.471303645304
            },
            "gtot": -248.471303645304,
            "bmw": 0.06880171060850604
        },
        "CONF5": {
            "sp": {
                "energy": -248.471419922871
            },
            "gtot": -248.471419922871,
            "bmw": 0.07781856442418063
        },
        "CONF4": {
            "sp": {
                "energy": -248.471851617305
            },
            "gtot": -248.471851617305,
            "bmw": 0.1229274604176262
        }
    },
    "settings": {
        "threshold": 3.5,
        "func": "r2scan-3c",
        "basis": "def2-tzvp",
        "prog": "orca",
        "sm": "smd",
        "gfnv": "gfn2",
        "run": true,
        "implicit": false,
        "template": false
    },
    "nconf_in": 5,
    "nconf_out": 5
}