{
    "partname": "prescreening",
    "runtime": 7.314808991039172,
    "results": {
        "CONF2": {
            "sp": {
                "energy": -313.702117902446
            },
            "gtot": -313.702117902446,
            "bmw": 0.004108569628120715
        },
        "CONF1": {
            "sp": {
                "energy": -313.707301996001
            },
            "gtot": -313.707301996001,
            "bmw": 0.9958837094608697
        },
        "CONF3": {
            "sp": {
                "energy": -313.696191357224
            },
            "gtot": -313.696191357224,
            "bmw": 7.720911009600447e-06
        }
    },
    "settings": {
        "threshold": 4.0,
        "func": "pbe-d4",
        "basis": "def2-sv(p)",
        "prog": "orca",
        "gfnv": "gfn2",
        "run": true,
        "template": false
    },
    "nconf_in": 3,
    "nconf_out": 2
}