{
    "partname": "prescreening",
    "runtime": 31.051263434928842,
    "results": {
        "CONF1": {
            "sp": {
                "energy": -401.251911111047
            },
            "gtot": -401.251911111047,
            "bmw": 0.5696647860924363
        },
        "CONF4": {
            "sp": {
                "energy": -401.245711687736
            },
            "gtot": -401.245711687736,
            "bmw": 0.000801829512630973
        },
        "CONF3": {
            "sp": {
                "energy": -401.245845619859
            },
            "gtot": -401.245845619859,
            "bmw": 0.0009240310168436578
        },
        "CONF2": {
            "sp": {
                "energy": -401.251642488693
            },
            "gtot": -401.251642488693,
            "bmw": 0.4286093533780891
        }
    },
    "settings": {
        "threshold": 4.0,
        "func": "pbe-d4",
        "basis": "def2-sv(p)",
        "prog": "orca",
        "gfnv": "gfn2",
        "run": true,
        "template": false
    },
    "nconf_in": 4,
    "nconf_out": 4
}