{
    "partname": "screening",
    "runtime": 47.32051505299751,
    "results": {
        "CONF3": {
            "sp": {
                "energy": -402.025067822375
            },
            "gtot": -402.025067822375,
            "bmw": 0.0013140013721799804
        },
        "CONF1": {
            "sp": {
                "energy": -402.030852998267
            },
            "gtot": -402.030852998267,
            "bmw": 0.6019945127052674
        },
        "CONF2": {
            "sp": {
                "energy": -402.030456787046
            },
            "gtot": -402.030456787046,
            "bmw": 0.3956835414452405
        },
        "CONF4": {
            "sp": {
                "energy": -402.024817458939
            },
            "gtot": -402.024817458939,
            "bmw": 0.0010079444773120826
        }
    },
    "settings": {
        "threshold": 3.5,
        "func": "r2scan-3c",
        "basis": "def2-tzvp",
        "prog": "orca",
        "sm": "smd",
        "gfnv": "gfn2",
        "run": true,
        "implicit": false,
        "template": false
    },
    "nconf_in": 4,
    "nconf_out": 4
}