{
   "temperature":     298.150000000000,
   "unit": "hartree",
   "energy":     -17.725349977605,
   "free energy":     -17.621370810840,
   "G(T)":       0.103979166765,
   "ZPVE":       0.133955551518,
   "number of imags":0,
   "point group": "c1",
   "gradient norm":       0.000025495630
}
