{
   "temperature":     298.150000000000,
   "unit": "hartree",
   "energy":     -50.047063593739,
   "free energy":     -49.955437270114,
   "G(T)":       0.091626323625,
   "ZPVE":       0.133867108215,
   "number of imags":0,
   "point group": "cs",
   "gradient norm":       0.000099883323
}
