{
   "temperature":     298.150000000000,
   "unit": "hartree",
   "energy":     -30.413543917327,
   "free energy":     -30.343718895529,
   "G(T)":       0.069825021797,
   "ZPVE":       0.103600620122,
   "number of imags":0,
   "point group": "cs",
   "gradient norm":       0.000042689354
}
