{
    "partname": "prescreening",
    "runtime": 3.322064633946866,
    "results": {
        "CONF2": {
            "sp": {
                "energy": -267.819568293892
            },
            "gtot": -267.819568293892,
            "bmw": 0.0946853836493416
        },
        "CONF1": {
            "sp": {
                "energy": -267.821628350129
            },
            "gtot": -267.821628350129,
            "bmw": 0.839156999225646
        },
        "CONF3": {
            "sp": {
                "energy": -267.819229785486
            },
            "gtot": -267.819229785486,
            "bmw": 0.06615761712501238
        }
    },
    "settings": {
        "threshold": 4.0,
        "func": "pbe-d4",
        "basis": "def2-sv(p)",
        "prog": "orca",
        "gfnv": "gfn2",
        "run": true,
        "template": false
    },
    "nconf_in": 3,
    "nconf_out": 3
}