{
    "partname": "screening",
    "runtime": 9.084752026945353,
    "results": {
        "CONF2": {
            "sp": {
                "energy": -268.349104558461
            },
            "gtot": -268.349104558461,
            "bmw": 0.09634595618027858
        },
        "CONF3": {
            "sp": {
                "energy": -268.34874602396
            },
            "gtot": -268.34874602396,
            "bmw": 0.06590510196441529
        },
        "CONF1": {
            "sp": {
                "energy": -268.35114661371
            },
            "gtot": -268.35114661371,
            "bmw": 0.8377489418553062
        }
    },
    "settings": {
        "threshold": 3.5,
        "func": "r2scan-3c",
        "basis": "def2-tzvp",
        "prog": "orca",
        "sm": "smd",
        "gfnv": "gfn2",
        "run": true,
        "implicit": false,
        "template": false
    },
    "nconf_in": 3,
    "nconf_out": 3
}