{
   "temperature":     298.150000000000,
   "unit": "hartree",
   "energy":     -26.288353639843,
   "free energy":     -26.164736873079,
   "G(T)":       0.123616766765,
   "ZPVE":       0.157183094855,
   "number of imags":0,
   "point group": "c1",
   "gradient norm":       0.000039055997
}
