{
   "temperature":     298.150000000000,
   "unit": "hartree",
   "energy":     -23.124800699258,
   "free energy":     -23.030557419155,
   "G(T)":       0.094243280104,
   "ZPVE":       0.128451958449,
   "number of imags":0,
   "point group": "c1",
   "gradient norm":       0.000022971207
}
