{
    "partname": "prescreening",
    "runtime": 19.7764313260559,
    "results": {
        "CONF2": {
            "sp": {
                "energy": -346.022819667142
            },
            "gtot": -346.022819667142,
            "bmw": 0.5131018000787753
        },
        "CONF1": {
            "sp": {
                "energy": -346.022770173783
            },
            "gtot": -346.022770173783,
            "bmw": 0.4868981999212248
        }
    },
    "settings": {
        "threshold": 4.0,
        "func": "pbe-d4",
        "basis": "def2-sv(p)",
        "prog": "orca",
        "gfnv": "gfn2",
        "run": true,
        "template": false
    },
    "nconf_in": 2,
    "nconf_out": 2
}