{
   "temperature":     298.150000000000,
   "unit": "hartree",
   "energy":     -17.789213538749,
   "free energy":     -17.742571086846,
   "G(T)":       0.046642451903,
   "ZPVE":       0.077048293181,
   "number of imags":0,
   "point group": "c1",
   "gradient norm":       0.000081004735
}
