{
   "temperature":     298.150000000000,
   "unit": "hartree",
   "energy":     -21.653031366253,
   "free energy":     -21.608447412204,
   "G(T)":       0.044583954050,
   "ZPVE":       0.077868573583,
   "number of imags":0,
   "point group": "c1",
   "gradient norm":       0.000065029082
}
