{
   "temperature":     298.150000000000,
   "unit": "hartree",
   "energy":      -8.393363338920,
   "free energy":      -8.376891798747,
   "G(T)":       0.016471540173,
   "ZPVE":       0.037863584025,
   "number of imags":0,
   "point group": "c3v",
   "gradient norm":       0.000009731205
}
