{
    "partname": "prescreening",
    "runtime": 16.16210384108126,
    "results": {
        "CONF2": {
            "sp": {
                "energy": -310.347233654886
            },
            "gtot": -310.347233654886,
            "bmw": 0.49515481899992436
        },
        "CONF4": {
            "sp": {
                "energy": -310.344649343559
            },
            "gtot": -310.344649343559,
            "bmw": 0.032065652561437105
        },
        "CONF3": {
            "sp": {
                "energy": -310.347054174532
            },
            "gtot": -310.347054174532,
            "bmw": 0.4094357511950016
        },
        "CONF1": {
            "sp": {
                "energy": -310.345292135604
            },
            "gtot": -310.345292135604,
            "bmw": 0.06334377724363689
        }
    },
    "settings": {
        "threshold": 4.0,
        "func": "pbe-d4",
        "basis": "def2-sv(p)",
        "prog": "orca",
        "gfnv": "gfn2",
        "run": true,
        "template": false
    },
    "nconf_in": 4,
    "nconf_out": 4
}