{
    "partname": "screening",
    "runtime": 30.086132586933672,
    "results": {
        "CONF2": {
            "sp": {
                "energy": -310.99684659575
            },
            "gtot": -310.99684659575,
            "bmw": 0.47337990980109285
        },
        "CONF3": {
            "sp": {
                "energy": -310.996676948305
            },
            "gtot": -310.996676948305,
            "bmw": 0.39552815124188184
        },
        "CONF1": {
            "sp": {
                "energy": -310.995246910482
            },
            "gtot": -310.995246910482,
            "bmw": 0.08697722196968928
        },
        "CONF4": {
            "sp": {
                "energy": -310.99460594865
            },
            "gtot": -310.99460594865,
            "bmw": 0.044114716987336204
        }
    },
    "settings": {
        "threshold": 3.5,
        "func": "r2scan-3c",
        "basis": "def2-tzvp",
        "prog": "orca",
        "sm": "smd",
        "gfnv": "gfn2",
        "run": true,
        "implicit": false,
        "template": false
    },
    "nconf_in": 4,
    "nconf_out": 4
}