{
    "partname": "prescreening",
    "runtime": 7.7897931929910555,
    "results": {
        "CONF1": {
            "sp": {
                "energy": -192.705011859218
            },
            "gtot": -192.705011859218,
            "bmw": 0.07609275228882766
        },
        "CONF2": {
            "sp": {
                "energy": -192.707369163862
            },
            "gtot": -192.707369163862,
            "bmw": 0.9239072477111724
        }
    },
    "settings": {
        "threshold": 4.0,
        "func": "pbe-d4",
        "basis": "def2-sv(p)",
        "prog": "orca",
        "gfnv": "gfn2",
        "run": true,
        "template": false
    },
    "nconf_in": 2,
    "nconf_out": 2
}