{
   "temperature":     298.150000000000,
   "unit": "hartree",
   "energy":     -42.383816043900,
   "free energy":     -42.225205562078,
   "G(T)":       0.158610481822,
   "ZPVE":       0.199659919848,
   "number of imags":0,
   "point group": "c1",
   "gradient norm":       0.000047997913
}
