{
   "temperature":     298.150000000000,
   "unit": "hartree",
   "energy":     -17.890411935427,
   "free energy":     -17.781896576001,
   "G(T)":       0.108515359426,
   "ZPVE":       0.139077693509,
   "number of imags":0,
   "point group": "c2h",
   "gradient norm":       0.000066866784
}
