{
   "temperature":     298.150000000000,
   "unit": "hartree",
   "energy":     -28.350080882445,
   "free energy":     -28.180523987033,
   "G(T)":       0.169556895413,
   "ZPVE":       0.204363865467,
   "number of imags":0,
   "point group": "c1",
   "gradient norm":       0.000060552812
}
