{
   "temperature":     298.150000000000,
   "unit": "hartree",
   "energy":     -14.558144880765,
   "free energy":     -14.479498860471,
   "G(T)":       0.078646020294,
   "ZPVE":       0.106473893602,
   "number of imags":0,
   "point group": "c1",
   "gradient norm":       0.000019176012
}
