{
   "temperature":     298.150000000000,
   "unit": "hartree",
   "energy":     -33.633099757133,
   "free energy":     -33.435187505024,
   "G(T)":       0.197912252108,
   "ZPVE":       0.236167530746,
   "number of imags":0,
   "point group": "c1",
   "gradient norm":       0.000047822367
}
