{
   "temperature":     298.150000000000,
   "unit": "hartree",
   "energy":     -15.452154713336,
   "free energy":     -15.397533833096,
   "G(T)":       0.054620880240,
   "ZPVE":       0.082057949671,
   "number of imags":0,
   "point group": "c1",
   "gradient norm":       0.000062506079
}
