{
   "temperature":     298.150000000000,
   "unit": "hartree",
   "energy":     -19.876324985194,
   "free energy":     -19.763688811163,
   "G(T)":       0.112636174031,
   "ZPVE":       0.142589754461,
   "number of imags":0,
   "point group": "c1",
   "gradient norm":       0.000071717532
}
