{
    "partname": "prescreening",
    "runtime": 15.609711808967404,
    "results": {
        "CONF2": {
            "sp": {
                "energy": -388.582386159049
            },
            "gtot": -388.582386159049,
            "bmw": 0.013209877401067523
        },
        "CONF1": {
            "sp": {
                "energy": -388.586458888788
            },
            "gtot": -388.586458888788,
            "bmw": 0.9867901225989325
        }
    },
    "settings": {
        "threshold": 4.0,
        "func": "pbe-d4",
        "basis": "def2-sv(p)",
        "prog": "orca",
        "gfnv": "gfn2",
        "run": true,
        "template": false
    },
    "nconf_in": 2,
    "nconf_out": 2
}