{
   "temperature":     298.150000000000,
   "unit": "hartree",
   "energy":     -43.360261265168,
   "free energy":     -43.210785787407,
   "G(T)":       0.149475477761,
   "ZPVE":       0.187874374816,
   "number of imags":0,
   "point group": "c1",
   "gradient norm":       0.000094781410
}
