{
   "temperature":     298.150000000000,
   "unit": "hartree",
   "energy":      -4.175218520036,
   "free energy":      -4.147685799437,
   "G(T)":       0.027532720599,
   "ZPVE":       0.044820742955,
   "number of imags":0,
   "point group": "td",
   "gradient norm":       0.000000010743
}
