{
   "temperature":     298.150000000000,
   "unit": "hartree",
   "energy":     -22.131130931189,
   "free energy":     -22.079065823561,
   "G(T)":       0.052065107628,
   "ZPVE":       0.085790340812,
   "number of imags":0,
   "point group": "c1",
   "gradient norm":       0.000090574067
}
