{
   "temperature":     298.150000000000,
   "unit": "hartree",
   "energy":     -23.304525703591,
   "free energy":     -23.176824564930,
   "G(T)":       0.127701138661,
   "ZPVE":       0.158063997762,
   "number of imags":0,
   "point group": "cs",
   "gradient norm":       0.000015386767
}
