{
   "temperature":     298.150000000000,
   "unit": "hartree",
   "energy":     -22.497365008694,
   "free energy":     -22.389451117721,
   "G(T)":       0.107913890973,
   "ZPVE":       0.140908806626,
   "number of imags":0,
   "point group": "c1",
   "gradient norm":       0.000024351949
}
