{
    "partname": "prescreening",
    "runtime": 6.183528391993605,
    "results": {
        "CONF2": {
            "sp": {
                "energy": -310.153988969553
            },
            "gtot": -310.153988969553,
            "bmw": 0.18153742891187627
        },
        "CONF1": {
            "sp": {
                "energy": -310.155410878066
            },
            "gtot": -310.155410878066,
            "bmw": 0.8184625710881238
        }
    },
    "settings": {
        "threshold": 4.0,
        "func": "pbe-d4",
        "basis": "def2-sv(p)",
        "prog": "orca",
        "gfnv": "gfn2",
        "run": true,
        "template": false
    },
    "nconf_in": 2,
    "nconf_out": 2
}