{
   "temperature":     298.150000000000,
   "unit": "hartree",
   "energy":     -35.707865297615,
   "free energy":     -35.462005316284,
   "G(T)":       0.245859981331,
   "ZPVE":       0.283164438978,
   "number of imags":0,
   "point group": "c1",
   "gradient norm":       0.000030823169
}
