{
    "partname": "prescreening",
    "runtime": 11.769993317080662,
    "results": {
        "CONF1": {
            "sp": {
                "energy": -421.094078958474
            },
            "gtot": -421.094078958474,
            "bmw": 0.997742104254369
        },
        "CONF2": {
            "sp": {
                "energy": -421.0883253395
            },
            "gtot": -421.0883253395,
            "bmw": 0.002251836028115063
        },
        "CONF3": {
            "sp": {
                "energy": -421.082737812788
            },
            "gtot": -421.082737812788,
            "bmw": 6.059717515980179e-06
        }
    },
    "settings": {
        "threshold": 4.0,
        "func": "pbe-d4",
        "basis": "def2-sv(p)",
        "prog": "orca",
        "gfnv": "gfn2",
        "run": true,
        "template": false
    },
    "nconf_in": 3,
    "nconf_out": 2
}