{
    "partname": "prescreening",
    "runtime": 15.22091376397293,
    "results": {
        "CONF2": {
            "sp": {
                "energy": -360.862570146154
            },
            "gtot": -360.862570146154,
            "bmw": 0.28910165128864385
        },
        "CONF1": {
            "sp": {
                "energy": -360.863419676549
            },
            "gtot": -360.863419676549,
            "bmw": 0.710898348711356
        }
    },
    "settings": {
        "threshold": 4.0,
        "func": "pbe-d4",
        "basis": "def2-sv(p)",
        "prog": "orca",
        "gfnv": "gfn2",
        "run": true,
        "template": false
    },
    "nconf_in": 2,
    "nconf_out": 2
}