{
   "temperature":     298.150000000000,
   "unit": "hartree",
   "energy":     -13.924695289798,
   "free energy":     -13.833472511651,
   "G(T)":       0.091222778146,
   "ZPVE":       0.117657977880,
   "number of imags":0,
   "point group": "c3v",
   "gradient norm":       0.000010659121
}
