{
   "temperature":     298.150000000000,
   "unit": "hartree",
   "energy":     -43.358051859804,
   "free energy":     -43.208574696540,
   "G(T)":       0.149477163264,
   "ZPVE":       0.187897986733,
   "number of imags":0,
   "point group": "c1",
   "gradient norm":       0.000093433837
}
