{
   "temperature":     298.150000000000,
   "unit": "hartree",
   "energy":     -43.361497417846,
   "free energy":     -43.209000273562,
   "G(T)":       0.152497144284,
   "ZPVE":       0.189332182513,
   "number of imags":0,
   "point group": "c1",
   "gradient norm":       0.000092723221
}
