{
    "partname": "prescreening",
    "runtime": 15.619070522952825,
    "results": {
        "CONF1": {
            "sp": {
                "energy": -247.96142573595
            },
            "gtot": -247.96142573595,
            "bmw": 0.909698811835737
        },
        "CONF2": {
            "sp": {
                "energy": -247.959244706373
            },
            "gtot": -247.959244706373,
            "bmw": 0.09030118816426295
        }
    },
    "settings": {
        "threshold": 4.0,
        "func": "pbe-d4",
        "basis": "def2-sv(p)",
        "prog": "orca",
        "gfnv": "gfn2",
        "run": true,
        "template": false
    },
    "nconf_in": 2,
    "nconf_out": 2
}