{
   "temperature":     298.150000000000,
   "unit": "hartree",
   "energy":     -26.288897966032,
   "free energy":     -26.165611775520,
   "G(T)":       0.123286190512,
   "ZPVE":       0.157069578715,
   "number of imags":0,
   "point group": "c1",
   "gradient norm":       0.000039734453
}
