{
   "temperature":     298.150000000000,
   "unit": "hartree",
   "energy":     -25.645975490166,
   "free energy":     -25.512606566587,
   "G(T)":       0.133368923579,
   "ZPVE":       0.168164127417,
   "number of imags":0,
   "point group": "c2",
   "gradient norm":       0.000041985710
}
