{
   "temperature":     298.150000000000,
   "unit": "hartree",
   "energy":     -22.901879912691,
   "free energy":     -22.815235220808,
   "G(T)":       0.086644691883,
   "ZPVE":       0.121109519584,
   "number of imags":0,
   "point group": "cs",
   "gradient norm":       0.000099358122
}
