{
    "partname": "prescreening",
    "runtime": 7.755229737958871,
    "results": {
        "CONF1": {
            "sp": {
                "energy": -384.060458503698
            },
            "gtot": -384.060458503698,
            "bmw": 0.8082278421022694
        },
        "CONF2": {
            "sp": {
                "energy": -384.059100261312
            },
            "gtot": -384.059100261312,
            "bmw": 0.19177215789773056
        }
    },
    "settings": {
        "threshold": 4.0,
        "func": "pbe-d4",
        "basis": "def2-sv(p)",
        "prog": "orca",
        "gfnv": "gfn2",
        "run": true,
        "template": false
    },
    "nconf_in": 2,
    "nconf_out": 2
}