{
   "temperature":     298.150000000000,
   "unit": "hartree",
   "energy":     -22.486227222705,
   "free energy":     -22.377186322306,
   "G(T)":       0.109040900399,
   "ZPVE":       0.141403380057,
   "number of imags":0,
   "point group": "c1",
   "gradient norm":       0.000056083062
}
