{
    "partname": "prescreening",
    "runtime": 5.330255906912498,
    "results": {
        "CONF2": {
            "sp": {
                "energy": -346.248958370581
            },
            "gtot": -346.248958370581,
            "bmw": 0.3834032334344532
        },
        "CONF1": {
            "sp": {
                "energy": -346.249396315637
            },
            "gtot": -346.249396315637,
            "bmw": 0.6096724255034435
        },
        "CONF3": {
            "sp": {
                "energy": -346.245168374948
            },
            "gtot": -346.245168374948,
            "bmw": 0.006924341062103326
        }
    },
    "settings": {
        "threshold": 4.0,
        "func": "pbe-d4",
        "basis": "def2-sv(p)",
        "prog": "orca",
        "gfnv": "gfn2",
        "run": true,
        "template": false
    },
    "nconf_in": 3,
    "nconf_out": 3
}