{
    "partname": "screening",
    "runtime": 16.787758132908493,
    "results": {
        "CONF1": {
            "sp": {
                "energy": -346.943334607818
            },
            "gtot": -346.943334607818,
            "bmw": 0.7729965344523999
        },
        "CONF2": {
            "sp": {
                "energy": -346.942131374592
            },
            "gtot": -346.942131374592,
            "bmw": 0.2161367282729736
        },
        "CONF3": {
            "sp": {
                "energy": -346.93930807177
            },
            "gtot": -346.93930807177,
            "bmw": 0.010866737274626512
        }
    },
    "settings": {
        "threshold": 3.5,
        "func": "r2scan-3c",
        "basis": "def2-tzvp",
        "prog": "orca",
        "sm": "smd",
        "gfnv": "gfn2",
        "run": true,
        "implicit": false,
        "template": false
    },
    "nconf_in": 3,
    "nconf_out": 3
}