{
   "temperature":     298.150000000000,
   "unit": "hartree",
   "energy":     -22.153545844792,
   "free energy":     -21.988038278228,
   "G(T)":       0.165507566565,
   "ZPVE":       0.196112470838,
   "number of imags":0,
   "point group": "cs",
   "gradient norm":       0.000053581191
}
