{
   "temperature":     298.150000000000,
   "unit": "hartree",
   "energy":     -43.362783621004,
   "free energy":     -43.209494245449,
   "G(T)":       0.153289375556,
   "ZPVE":       0.189807908092,
   "number of imags":0,
   "point group": "c1",
   "gradient norm":       0.000191922063
}
