{
   "temperature":     298.150000000000,
   "unit": "hartree",
   "energy":     -17.721864038370,
   "free energy":     -17.617376545982,
   "G(T)":       0.104487492389,
   "ZPVE":       0.134168651291,
   "number of imags":0,
   "point group": "cs",
   "gradient norm":       0.000031821436
}
