{
   "temperature":     298.150000000000,
   "unit": "hartree",
   "energy":     -17.889730491939,
   "free energy":     -17.781339639801,
   "G(T)":       0.108390852138,
   "ZPVE":       0.138703200448,
   "number of imags":0,
   "point group": "c2",
   "gradient norm":       0.000023501775
}
