{
   "temperature":     298.150000000000,
   "unit": "hartree",
   "energy":     -25.516754183029,
   "free energy":     -25.429125621042,
   "G(T)":       0.087628561987,
   "ZPVE":       0.121885334531,
   "number of imags":0,
   "point group": "cs",
   "gradient norm":       0.000075550794
}
