{
   "temperature":     298.150000000000,
   "unit": "hartree",
   "energy":     -33.627070760093,
   "free energy":     -33.429208581256,
   "G(T)":       0.197862178837,
   "ZPVE":       0.235933744793,
   "number of imags":0,
   "point group": "c1",
   "gradient norm":       0.000046233956
}
