{
   "temperature":     298.150000000000,
   "unit": "hartree",
   "energy":     -14.076716497269,
   "free energy":     -14.013550039143,
   "G(T)":       0.063166458126,
   "ZPVE":       0.092982159795,
   "number of imags":0,
   "point group": "cs",
   "gradient norm":       0.000049100635
}
