{
   "temperature":     298.150000000000,
   "unit": "hartree",
   "energy":     -26.287026328133,
   "free energy":     -26.163340131591,
   "G(T)":       0.123686196541,
   "ZPVE":       0.157202308828,
   "number of imags":0,
   "point group": "cs",
   "gradient norm":       0.000009127890
}
