{
    "partname": "prescreening",
    "runtime": 15.223532392061315,
    "results": {
        "CONF2": {
            "sp": {
                "energy": -875.391402073132
            },
            "gtot": -875.391402073132,
            "bmw": 0.08044317720960663
        },
        "CONF1": {
            "sp": {
                "energy": -875.393702426605
            },
            "gtot": -875.393702426605,
            "bmw": 0.9195568227903933
        }
    },
    "settings": {
        "threshold": 4.0,
        "func": "pbe-d4",
        "basis": "def2-sv(p)",
        "prog": "orca",
        "gfnv": "gfn2",
        "run": true,
        "template": false
    },
    "nconf_in": 2,
    "nconf_out": 2
}