{
   "temperature":     298.150000000000,
   "unit": "hartree",
   "energy":     -22.780139562587,
   "free energy":     -22.726751654752,
   "G(T)":       0.053387907835,
   "ZPVE":       0.086049537301,
   "number of imags":0,
   "point group": "cs",
   "gradient norm":       0.000054060713
}
