{
   "temperature":     298.150000000000,
   "unit": "hartree",
   "energy":     -22.485460503877,
   "free energy":     -22.376683894752,
   "G(T)":       0.108776609125,
   "ZPVE":       0.141275918294,
   "number of imags":0,
   "point group": "c1",
   "gradient norm":       0.000055372878
}
