{
   "temperature":     298.150000000000,
   "unit": "hartree",
   "energy":     -11.309311252311,
   "free energy":     -11.311258257787,
   "G(T)":      -0.001947005476,
   "ZPVE":       0.026692468175,
   "number of imags":0,
   "point group": "c2v",
   "gradient norm":       0.000001326437
}
