{
   "temperature":     298.150000000000,
   "unit": "hartree",
   "energy":     -13.837498727888,
   "free energy":     -13.792556280500,
   "G(T)":       0.044942447388,
   "ZPVE":       0.075373178509,
   "number of imags":0,
   "point group": "c2",
   "gradient norm":       0.000097073673
}
