{
    "partname": "prescreening",
    "runtime": 23.197279265965335,
    "results": {
        "CONF2": {
            "sp": {
                "energy": -517.739779063084
            },
            "gtot": -517.739779063084,
            "bmw": 0.31052334899002537
        },
        "CONF1": {
            "sp": {
                "energy": -517.740532213697
            },
            "gtot": -517.740532213697,
            "bmw": 0.6894766510099747
        }
    },
    "settings": {
        "threshold": 4.0,
        "func": "pbe-d4",
        "basis": "def2-sv(p)",
        "prog": "orca",
        "gfnv": "gfn2",
        "run": true,
        "template": false
    },
    "nconf_in": 2,
    "nconf_out": 2
}