{
   "temperature":     298.150000000000,
   "unit": "hartree",
   "energy":     -19.878466563533,
   "free energy":     -19.765664431864,
   "G(T)":       0.112802131669,
   "ZPVE":       0.142826047775,
   "number of imags":0,
   "point group": "c1",
   "gradient norm":       0.000046950210
}
