{
   "temperature":     298.150000000000,
   "unit": "hartree",
   "energy":     -22.131130929341,
   "free energy":     -22.079069414811,
   "G(T)":       0.052061514530,
   "ZPVE":       0.085791758749,
   "number of imags":0,
   "point group": "c1",
   "gradient norm":       0.000060364380
}
