{
   "temperature":     298.150000000000,
   "unit": "hartree",
   "energy":     -15.773913874905,
   "free energy":     -15.670505601331,
   "G(T)":       0.103408273574,
   "ZPVE":       0.134657149064,
   "number of imags":0,
   "point group": "c1",
   "gradient norm":       0.000030399392
}
