{
   "temperature":     298.150000000000,
   "unit": "hartree",
   "energy":     -19.453731872854,
   "free energy":     -19.439393206000,
   "G(T)":       0.014338666854,
   "ZPVE":       0.045969088544,
   "number of imags":0,
   "point group": "c1",
   "gradient norm":       0.000069726263
}
