{
   "temperature":     298.150000000000,
   "unit": "hartree",
   "energy":     -15.767826305843,
   "free energy":     -15.666596879979,
   "G(T)":       0.101229425864,
   "ZPVE":       0.134878961671,
   "number of imags":0,
   "point group": "c1",
   "gradient norm":       0.000077214944
}
