{
    "partname": "prescreening",
    "runtime": 13.471105688950047,
    "results": {
        "CONF1": {
            "sp": {
                "energy": -310.159784149402
            },
            "gtot": -310.159784149402,
            "bmw": 0.9028369582912772
        },
        "CONF2": {
            "sp": {
                "energy": -310.157679420619
            },
            "gtot": -310.157679420619,
            "bmw": 0.09716304170872277
        }
    },
    "settings": {
        "threshold": 4.0,
        "func": "pbe-d4",
        "basis": "def2-sv(p)",
        "prog": "orca",
        "gfnv": "gfn2",
        "run": true,
        "template": false
    },
    "nconf_in": 2,
    "nconf_out": 2
}