{
   "temperature":     298.150000000000,
   "unit": "hartree",
   "energy":     -17.721925798222,
   "free energy":     -17.618885380113,
   "G(T)":       0.103040418109,
   "ZPVE":       0.133224771520,
   "number of imags":0,
   "point group": "c1",
   "gradient norm":       0.000030088702
}
