{
   "temperature":     298.150000000000,
   "unit": "hartree",
   "energy":     -55.057934085229,
   "free energy":     -54.987534453430,
   "G(T)":       0.070399631798,
   "ZPVE":       0.118339783140,
   "number of imags":0,
   "point group": "c1",
   "gradient norm":       0.000061850980
}
