{
   "temperature":     298.150000000000,
   "unit": "hartree",
   "energy":     -32.435684311197,
   "free energy":     -32.263757659714,
   "G(T)":       0.171926651483,
   "ZPVE":       0.208800565261,
   "number of imags":0,
   "point group": "c1",
   "gradient norm":       0.000024924821
}
