{
   "temperature":     298.150000000000,
   "unit": "hartree",
   "energy":     -22.220810468747,
   "free energy":     -22.099294833599,
   "G(T)":       0.121515635149,
   "ZPVE":       0.152543984809,
   "number of imags":0,
   "point group": "c2v",
   "gradient norm":       0.000076506870
}
