{
   "temperature":     298.150000000000,
   "unit": "hartree",
   "energy":     -15.016400557090,
   "free energy":     -14.944118612261,
   "G(T)":       0.072281944828,
   "ZPVE":       0.101330000386,
   "number of imags":0,
   "point group": "c1",
   "gradient norm":       0.000044475164
}
