{
   "temperature":     298.150000000000,
   "unit": "hartree",
   "energy":     -48.518943783133,
   "free energy":     -48.315683016846,
   "G(T)":       0.203260766288,
   "ZPVE":       0.248195158350,
   "number of imags":0,
   "point group": "c1",
   "gradient norm":       0.000049472255
}
