{
   "temperature":     298.150000000000,
   "unit": "hartree",
   "energy":     -13.495162790743,
   "free energy":     -13.440879235984,
   "G(T)":       0.054283554758,
   "ZPVE":       0.081891420613,
   "number of imags":0,
   "point group": "c1",
   "gradient norm":       0.000046881390
}
