{
   "temperature":     298.150000000000,
   "unit": "hartree",
   "energy":     -19.500424957389,
   "free energy":     -19.383960756796,
   "G(T)":       0.116464200593,
   "ZPVE":       0.144351262510,
   "number of imags":0,
   "point group": "c2h",
   "gradient norm":       0.000014427772
}
