{
   "temperature":     298.150000000000,
   "unit": "hartree",
   "energy":     -16.707006568308,
   "free energy":     -16.621696370121,
   "G(T)":       0.085310198187,
   "ZPVE":       0.114312921039,
   "number of imags":0,
   "point group": "cs",
   "gradient norm":       0.000018260684
}
