{
   "temperature":     298.150000000000,
   "unit": "hartree",
   "energy":     -43.362943115856,
   "free energy":     -43.213335160360,
   "G(T)":       0.149607955496,
   "ZPVE":       0.188118804055,
   "number of imags":0,
   "point group": "c1",
   "gradient norm":       0.000049137445
}
