{
   "temperature":     298.150000000000,
   "unit": "hartree",
   "energy":     -15.773914727856,
   "free energy":     -15.670498097031,
   "G(T)":       0.103416630824,
   "ZPVE":       0.134660622418,
   "number of imags":0,
   "point group": "c1",
   "gradient norm":       0.000020177441
}
