{
    "partname": "prescreening",
    "runtime": 9.183741424931213,
    "results": {
        "CONF2": {
            "sp": {
                "energy": -365.379498449414
            },
            "gtot": -365.379498449414,
            "bmw": 0.3024953245210054
        },
        "CONF1": {
            "sp": {
                "energy": -365.380062122314
            },
            "gtot": -365.380062122314,
            "bmw": 0.5495285410229798
        },
        "CONF4": {
            "sp": {
                "energy": -365.378364051388
            },
            "gtot": -365.378364051388,
            "bmw": 0.09097701703474019
        },
        "CONF3": {
            "sp": {
                "energy": -365.377922578305
            },
            "gtot": -365.377922578305,
            "bmw": 0.05699911742127454
        }
    },
    "settings": {
        "threshold": 4.0,
        "func": "pbe-d4",
        "basis": "def2-sv(p)",
        "prog": "orca",
        "gfnv": "gfn2",
        "run": true,
        "template": false
    },
    "nconf_in": 4,
    "nconf_out": 4
}