{
    "partname": "screening",
    "runtime": 25.60929913597647,
    "results": {
        "CONF2": {
            "sp": {
                "energy": -366.09920833334
            },
            "gtot": -366.09920833334,
            "bmw": 0.21564140590141903
        },
        "CONF3": {
            "sp": {
                "energy": -366.098065158592
            },
            "gtot": -366.098065158592,
            "bmw": 0.06425518354867032
        },
        "CONF4": {
            "sp": {
                "energy": -366.0990585707
            },
            "gtot": -366.0990585707,
            "bmw": 0.1840119842804175
        },
        "CONF1": {
            "sp": {
                "energy": -366.100068190045
            },
            "gtot": -366.100068190045,
            "bmw": 0.5360914262694931
        }
    },
    "settings": {
        "threshold": 3.5,
        "func": "r2scan-3c",
        "basis": "def2-tzvp",
        "prog": "orca",
        "sm": "smd",
        "gfnv": "gfn2",
        "run": true,
        "implicit": false,
        "template": false
    },
    "nconf_in": 4,
    "nconf_out": 4
}