{
   "temperature":     298.150000000000,
   "unit": "hartree",
   "energy":     -19.862897454965,
   "free energy":     -19.756252402391,
   "G(T)":       0.106645052575,
   "ZPVE":       0.138744284875,
   "number of imags":0,
   "point group": "c1",
   "gradient norm":       0.000021583539
}
