{
   "temperature":     298.150000000000,
   "unit": "hartree",
   "energy":     -17.725457149025,
   "free energy":     -17.621312789505,
   "G(T)":       0.104144359519,
   "ZPVE":       0.133997174643,
   "number of imags":0,
   "point group": "c1",
   "gradient norm":       0.000023781294
}
