{
   "temperature":     298.150000000000,
   "unit": "hartree",
   "energy":     -43.357119115855,
   "free energy":     -43.207799992849,
   "G(T)":       0.149319123006,
   "ZPVE":       0.187830903687,
   "number of imags":0,
   "point group": "c1",
   "gradient norm":       0.000059367331
}
