{
   "temperature":     298.150000000000,
   "unit": "hartree",
   "energy":     -14.554562220097,
   "free energy":     -14.476824952831,
   "G(T)":       0.077737267266,
   "ZPVE":       0.105698855374,
   "number of imags":0,
   "point group": "c1",
   "gradient norm":       0.000031135975
}
