{
   "temperature":     298.150000000000,
   "unit": "hartree",
   "energy":     -26.548014253449,
   "free energy":     -26.436176849828,
   "G(T)":       0.111837403622,
   "ZPVE":       0.144734438172,
   "number of imags":0,
   "point group": "c1",
   "gradient norm":       0.000047278685
}
