{
   "temperature":     298.150000000000,
   "unit": "hartree",
   "energy":     -21.653032976845,
   "free energy":     -21.608485496316,
   "G(T)":       0.044547480530,
   "ZPVE":       0.077864805009,
   "number of imags":0,
   "point group": "c1",
   "gradient norm":       0.000043064258
}
