{
   "temperature":     298.150000000000,
   "unit": "hartree",
   "energy":     -22.494465212436,
   "free energy":     -22.385702465085,
   "G(T)":       0.108762747351,
   "ZPVE":       0.140470660604,
   "number of imags":0,
   "point group": "cs",
   "gradient norm":       0.000035025451
}
