{
   "temperature":     298.150000000000,
   "unit": "hartree",
   "energy":     -28.348606553168,
   "free energy":     -28.177953327742,
   "G(T)":       0.170653225426,
   "ZPVE":       0.204631923346,
   "number of imags":0,
   "point group": "c1",
   "gradient norm":       0.000064598793
}
