{
    "partname": "prescreening",
    "runtime": 14.579040954937227,
    "results": {
        "CONF2": {
            "sp": {
                "energy": -326.175656109702
            },
            "gtot": -326.175656109702,
            "bmw": 0.10792130715606645
        },
        "CONF1": {
            "sp": {
                "energy": -326.177424882248
            },
            "gtot": -326.177424882248,
            "bmw": 0.7025645808199972
        },
        "CONF3": {
            "sp": {
                "energy": -326.17618774293
            },
            "gtot": -326.17618774293,
            "bmw": 0.18951411202393645
        }
    },
    "settings": {
        "threshold": 4.0,
        "func": "pbe-d4",
        "basis": "def2-sv(p)",
        "prog": "orca",
        "gfnv": "gfn2",
        "run": true,
        "template": false
    },
    "nconf_in": 3,
    "nconf_out": 3
}