{
    "partname": "screening",
    "runtime": 26.22582809801679,
    "results": {
        "CONF3": {
            "sp": {
                "energy": -326.814813844352
            },
            "gtot": -326.814813844352,
            "bmw": 0.1799071989961935
        },
        "CONF2": {
            "sp": {
                "energy": -326.814356590247
            },
            "gtot": -326.814356590247,
            "bmw": 0.11084757904616999
        },
        "CONF1": {
            "sp": {
                "energy": -326.81610903808
            },
            "gtot": -326.81610903808,
            "bmw": 0.7092452219576365
        }
    },
    "settings": {
        "threshold": 3.5,
        "func": "r2scan-3c",
        "basis": "def2-tzvp",
        "prog": "orca",
        "sm": "smd",
        "gfnv": "gfn2",
        "run": true,
        "implicit": false,
        "template": false
    },
    "nconf_in": 3,
    "nconf_out": 3
}