{
    "partname": "prescreening",
    "runtime": 12.237981342943385,
    "results": {
        "CONF1": {
            "sp": {
                "energy": -349.368630539978
            },
            "gtot": -349.368630539978,
            "bmw": 0.9885564522279797
        },
        "CONF2": {
            "sp": {
                "energy": -349.364420594695
            },
            "gtot": -349.364420594695,
            "bmw": 0.0114435477720203
        }
    },
    "settings": {
        "threshold": 4.0,
        "func": "pbe-d4",
        "basis": "def2-sv(p)",
        "prog": "orca",
        "gfnv": "gfn2",
        "run": true,
        "template": false
    },
    "nconf_in": 2,
    "nconf_out": 2
}