{
   "temperature":     298.150000000000,
   "unit": "hartree",
   "energy":     -22.071753523621,
   "free energy":     -21.996770722928,
   "G(T)":       0.074982800694,
   "ZPVE":       0.105893592171,
   "number of imags":0,
   "point group": "cs",
   "gradient norm":       0.000139115285
}
