{
   "temperature":     298.150000000000,
   "unit": "hartree",
   "energy":     -16.834607008317,
   "free energy":     -16.706763568285,
   "G(T)":       0.127843440031,
   "ZPVE":       0.158757952293,
   "number of imags":0,
   "point group": "c1",
   "gradient norm":       0.000022372133
}
