{
   "temperature":     298.150000000000,
   "unit": "hartree",
   "energy":     -26.340041905167,
   "free energy":     -26.271882511088,
   "G(T)":       0.068159394079,
   "ZPVE":       0.099859905533,
   "number of imags":0,
   "point group": "c2v",
   "gradient norm":       0.000023765466
}
