{
   "temperature":     298.150000000000,
   "unit": "hartree",
   "energy":     -25.515373417788,
   "free energy":     -25.427668252916,
   "G(T)":       0.087705164872,
   "ZPVE":       0.121897870759,
   "number of imags":0,
   "point group": "cs",
   "gradient norm":       0.000139017946
}
