{
   "temperature":     298.150000000000,
   "unit": "hartree",
   "energy":     -23.261197187786,
   "free energy":     -23.203162394332,
   "G(T)":       0.058034793454,
   "ZPVE":       0.091225459084,
   "number of imags":0,
   "point group": "cs",
   "gradient norm":       0.000021683553
}
