{
    "partname": "prescreening",
    "runtime": 17.488508973969147,
    "results": {
        "CONF14": {
            "sp": {
                "energy": -467.190376495928
            },
            "gtot": -467.190376495928,
            "bmw": 7.145874077126133e-06
        },
        "CONF1": {
            "sp": {
                "energy": -467.200429830832
            },
            "gtot": -467.200429830832,
            "bmw": 0.3007941064112158
        },
        "CONF12": {
            "sp": {
                "energy": -467.195144228711
            },
            "gtot": -467.195144228711,
            "bmw": 0.0011144501253076288
        },
        "CONF5": {
            "sp": {
                "energy": -467.199974643745
            },
            "gtot": -467.199974643745,
            "bmw": 0.18573671301148748
        },
        "CONF4": {
            "sp": {
                "energy": -467.196646948608
            },
            "gtot": -467.196646948608,
            "bmw": 0.0054734851522820465
        },
        "CONF17": {
            "sp": {
                "energy": -467.187448637779
            },
            "gtot": -467.187448637779,
            "bmw": 3.216131750975868e-07
        },
        "CONF16": {
            "sp": {
                "energy": -467.191296376402
            },
            "gtot": -467.191296376402,
            "bmw": 1.8930892464993688e-05
        },
        "CONF15": {
            "sp": {
                "energy": -467.193178873893
            },
            "gtot": -467.193178873893,
            "bmw": 0.00013901446632652857
        },
        "CONF3": {
            "sp": {
                "energy": -467.200211712701
            },
            "gtot": -467.200211712701,
            "bmw": 0.23874920118296725
        },
        "CONF2": {
            "sp": {
                "energy": -467.199586504697
            },
            "gtot": -467.199586504697,
            "bmw": 0.1231306441822697
        },
        "CONF6": {
            "sp": {
                "energy": -467.199362809238
            },
            "gtot": -467.199362809238,
            "bmw": 0.09715683590844228
        },
        "CONF19": {
            "sp": {
                "energy": -467.188223896318
            },
            "gtot": -467.188223896318,
            "bmw": 7.310180083482741e-07
        },
        "CONF8": {
            "sp": {
                "energy": -467.196270740024
            },
            "gtot": -467.196270740024,
            "bmw": 0.003674683792882403
        },
        "CONF9": {
            "sp": {
                "energy": -467.198464175672
            },
            "gtot": -467.198464175672,
            "bmw": 0.037508572348249
        },
        "CONF10": {
            "sp": {
                "energy": -467.19616107463
            },
            "gtot": -467.19616107463,
            "bmw": 0.0032717294584967745
        },
        "CONF13": {
            "sp": {
                "energy": -467.195385085349
            },
            "gtot": -467.195385085349,
            "bmw": 0.0014382918585733174
        },
        "CONF11": {
            "sp": {
                "energy": -467.193817355878
            },
            "gtot": -467.193817355878,
            "bmw": 0.0002733640380089657
        },
        "CONF7": {
            "sp": {
                "energy": -467.195363110956
            },
            "gtot": -467.195363110956,
            "bmw": 0.0014052044000606913
        },
        "CONF20": {
            "sp": {
                "energy": -467.188247002638
            },
            "gtot": -467.188247002638,
            "bmw": 7.491283749347242e-07
        },
        "CONF18": {
            "sp": {
                "energy": -467.192921310074
            },
            "gtot": -467.192921310074,
            "bmw": 0.00010582513732967236
        }
    },
    "settings": {
        "threshold": 4.0,
        "func": "pbe-d4",
        "basis": "def2-sv(p)",
        "prog": "orca",
        "gfnv": "gfn2",
        "run": true,
        "template": false
    },
    "nconf_in": 20,
    "nconf_out": 12
}