{
    "partname": "screening",
    "runtime": 41.68440282903612,
    "results": {
        "CONF3": {
            "sp": {
                "energy": -468.209443300573
            },
            "gtot": -468.209443300573,
            "bmw": 0.3145622845026308
        },
        "CONF1": {
            "sp": {
                "energy": -468.209286757237
            },
            "gtot": -468.209286757237,
            "bmw": 0.26650275312909816
        },
        "CONF9": {
            "sp": {
                "energy": -468.206567611829
            },
            "gtot": -468.206567611829,
            "bmw": 0.01496171535695172
        },
        "CONF12": {
            "sp": {
                "energy": -468.204350404561
            },
            "gtot": -468.204350404561,
            "bmw": 0.0014293435933652335
        },
        "CONF7": {
            "sp": {
                "energy": -468.203929556906
            },
            "gtot": -468.203929556906,
            "bmw": 0.0009152929508372636
        },
        "CONF4": {
            "sp": {
                "energy": -468.205127005365
            },
            "gtot": -468.205127005365,
            "bmw": 0.003253481059186304
        },
        "CONF10": {
            "sp": {
                "energy": -468.205285825333
            },
            "gtot": -468.205285825333,
            "bmw": 0.0038494653190784753
        },
        "CONF8": {
            "sp": {
                "energy": -468.20545175208
            },
            "gtot": -468.20545175208,
            "bmw": 0.004589035654051252
        },
        "CONF2": {
            "sp": {
                "energy": -468.208039568463
            },
            "gtot": -468.208039568463,
            "bmw": 0.07112701346337581
        },
        "CONF13": {
            "sp": {
                "energy": -468.2044192949
            },
            "gtot": -468.2044192949,
            "bmw": 0.0015375314285263062
        },
        "CONF5": {
            "sp": {
                "energy": -468.20924938158
            },
            "gtot": -468.20924938158,
            "bmw": 0.256159276344636
        },
        "CONF6": {
            "sp": {
                "energy": -468.207896292589
            },
            "gtot": -468.207896292589,
            "bmw": 0.06111280719826293
        }
    },
    "settings": {
        "threshold": 3.5,
        "func": "r2scan-3c",
        "basis": "def2-tzvp",
        "prog": "orca",
        "sm": "smd",
        "gfnv": "gfn2",
        "run": true,
        "implicit": false,
        "template": false
    },
    "nconf_in": 12,
    "nconf_out": 12
}