{
   "temperature":     298.150000000000,
   "unit": "hartree",
   "energy":     -35.706634973533,
   "free energy":     -35.460816468258,
   "G(T)":       0.245818505274,
   "ZPVE":       0.283290672666,
   "number of imags":0,
   "point group": "c1",
   "gradient norm":       0.000023475763
}
