{
    "partname": "prescreening",
    "runtime": 18.041221761959605,
    "results": {
        "CONF1": {
            "sp": {
                "energy": -346.012609140644
            },
            "gtot": -346.012609140644,
            "bmw": 0.9952357147095426
        },
        "CONF2": {
            "sp": {
                "energy": -346.007288077205
            },
            "gtot": -346.007288077205,
            "bmw": 0.0035514539688152355
        },
        "CONF3": {
            "sp": {
                "energy": -346.006273646586
            },
            "gtot": -346.006273646586,
            "bmw": 0.001212831321642167
        }
    },
    "settings": {
        "threshold": 4.0,
        "func": "pbe-d4",
        "basis": "def2-sv(p)",
        "prog": "orca",
        "gfnv": "gfn2",
        "run": true,
        "template": false
    },
    "nconf_in": 3,
    "nconf_out": 3
}