{
    "partname": "screening",
    "runtime": 30.4123966130428,
    "results": {
        "CONF3": {
            "sp": {
                "energy": -346.675302313383
            },
            "gtot": -346.675302313383,
            "bmw": 0.0023805682453287257
        },
        "CONF1": {
            "sp": {
                "energy": -346.681001617627
            },
            "gtot": -346.681001617627,
            "bmw": 0.995816059972445
        },
        "CONF2": {
            "sp": {
                "energy": -346.675040131396
            },
            "gtot": -346.675040131396,
            "bmw": 0.0018033717822263306
        }
    },
    "settings": {
        "threshold": 3.5,
        "func": "r2scan-3c",
        "basis": "def2-tzvp",
        "prog": "orca",
        "sm": "smd",
        "gfnv": "gfn2",
        "run": true,
        "implicit": false,
        "template": false
    },
    "nconf_in": 3,
    "nconf_out": 3
}