{
   "temperature":     298.150000000000,
   "unit": "hartree",
   "energy":     -34.680013000751,
   "free energy":     -34.457136988519,
   "G(T)":       0.222876012232,
   "ZPVE":       0.260502077567,
   "number of imags":0,
   "point group": "c1",
   "gradient norm":       0.000037043069
}
