{
   "temperature":     298.150000000000,
   "unit": "hartree",
   "energy":     -22.780608344393,
   "free energy":     -22.725955374183,
   "G(T)":       0.054652970210,
   "ZPVE":       0.086461763897,
   "number of imags":0,
   "point group": "c1",
   "gradient norm":       0.000191699460
}
