{
   "temperature":     298.150000000000,
   "unit": "hartree",
   "energy":     -65.121735601835,
   "free energy":     -65.030311897944,
   "G(T)":       0.091423703892,
   "ZPVE":       0.139598800015,
   "number of imags":0,
   "point group": "cs",
   "gradient norm":       0.000090156337
}
