{
   "temperature":     298.150000000000,
   "unit": "hartree",
   "energy":     -25.382685985455,
   "free energy":     -25.235194830431,
   "G(T)":       0.147491155025,
   "ZPVE":       0.181059659597,
   "number of imags":0,
   "point group": "cs",
   "gradient norm":       0.000127287529
}
