{
   "temperature":     298.150000000000,
   "unit": "hartree",
   "energy":     -26.325499649456,
   "free energy":     -26.118030702898,
   "G(T)":       0.207468946558,
   "ZPVE":       0.242734488097,
   "number of imags":0,
   "point group": "c1",
   "gradient norm":       0.000038951068
}
