{
   "temperature":     298.150000000000,
   "unit": "hartree",
   "energy":     -15.450410764792,
   "free energy":     -15.395941586838,
   "G(T)":       0.054469177954,
   "ZPVE":       0.081658288787,
   "number of imags":0,
   "point group": "c2",
   "gradient norm":       0.000016232173
}
