{
    "partname": "prescreening",
    "runtime": 12.578888420015574,
    "results": {
        "CONF2": {
            "sp": {
                "energy": -233.085722367782
            },
            "gtot": -233.085722367782,
            "bmw": 0.036004761266610695
        },
        "CONF1": {
            "sp": {
                "energy": -233.088826310784
            },
            "gtot": -233.088826310784,
            "bmw": 0.9639952387333893
        }
    },
    "settings": {
        "threshold": 4.0,
        "func": "pbe-d4",
        "basis": "def2-sv(p)",
        "prog": "orca",
        "gfnv": "gfn2",
        "run": true,
        "template": false
    },
    "nconf_in": 2,
    "nconf_out": 2
}