{
    "partname": "prescreening",
    "runtime": 17.338231535977684,
    "results": {
        "CONF4": {
            "sp": {
                "energy": -196.018173554583
            },
            "gtot": -196.018173554583,
            "bmw": 2.720334465605257e-05
        },
        "CONF3": {
            "sp": {
                "energy": -196.023629007519
            },
            "gtot": -196.023629007519,
            "bmw": 0.008789353993746108
        },
        "CONF1": {
            "sp": {
                "energy": -196.027634504321
            },
            "gtot": -196.027634504321,
            "bmw": 0.6114457807245949
        },
        "CONF2": {
            "sp": {
                "energy": -196.027184746494
            },
            "gtot": -196.027184746494,
            "bmw": 0.37973766193700303
        }
    },
    "settings": {
        "threshold": 4.0,
        "func": "pbe-d4",
        "basis": "def2-sv(p)",
        "prog": "orca",
        "gfnv": "gfn2",
        "run": true,
        "template": false
    },
    "nconf_in": 4,
    "nconf_out": 3
}