{
    "partname": "screening",
    "runtime": 21.36983214097563,
    "results": {
        "CONF3": {
            "sp": {
                "energy": -196.455896458241
            },
            "gtot": -196.455896458241,
            "bmw": 0.006559990167928444
        },
        "CONF1": {
            "sp": {
                "energy": -196.460226994157
            },
            "gtot": -196.460226994157,
            "bmw": 0.6438902192923568
        },
        "CONF2": {
            "sp": {
                "energy": -196.459650209056
            },
            "gtot": -196.459650209056,
            "bmw": 0.34954979053971486
        }
    },
    "settings": {
        "threshold": 3.5,
        "func": "r2scan-3c",
        "basis": "def2-tzvp",
        "prog": "orca",
        "sm": "smd",
        "gfnv": "gfn2",
        "run": true,
        "implicit": false,
        "template": false
    },
    "nconf_in": 3,
    "nconf_out": 3
}