{
   "temperature":     298.150000000000,
   "unit": "hartree",
   "energy":     -26.289349786056,
   "free energy":     -26.166048560598,
   "G(T)":       0.123301225458,
   "ZPVE":       0.157089302818,
   "number of imags":0,
   "point group": "c1",
   "gradient norm":       0.000057554882
}
