{
   "temperature":     298.150000000000,
   "unit": "hartree",
   "energy":     -43.362389566542,
   "free energy":     -43.210341443625,
   "G(T)":       0.152048122917,
   "ZPVE":       0.188748054414,
   "number of imags":0,
   "point group": "c1",
   "gradient norm":       0.000081164302
}
