{
   "temperature":     298.150000000000,
   "unit": "hartree",
   "energy":     -16.653214276070,
   "free energy":     -16.659216696258,
   "G(T)":      -0.006002420188,
   "ZPVE":       0.021302173896,
   "number of imags":0,
   "point group": "cs",
   "gradient norm":       0.000006898214
}
