{
   "temperature":     298.150000000000,
   "unit": "hartree",
   "energy":     -26.287626408471,
   "free energy":     -26.163469442358,
   "G(T)":       0.124156966113,
   "ZPVE":       0.157230401553,
   "number of imags":0,
   "point group": "c1",
   "gradient norm":       0.000068750446
}
