{
   "temperature":     298.150000000000,
   "unit": "hartree",
   "energy":     -25.382685996401,
   "free energy":     -25.235194805125,
   "G(T)":       0.147491191276,
   "ZPVE":       0.181058576222,
   "number of imags":0,
   "point group": "cs",
   "gradient norm":       0.000054033570
}
