{
   "temperature":     298.150000000000,
   "unit": "hartree",
   "energy":     -14.621179726078,
   "free energy":     -14.572546935345,
   "G(T)":       0.048632790733,
   "ZPVE":       0.077395683576,
   "number of imags":0,
   "point group": "cs",
   "gradient norm":       0.000033248927
}
