{
    "partname": "prescreening",
    "runtime": 11.929470646893606,
    "results": {
        "CONF4": {
            "sp": {
                "energy": -702.673700771632
            },
            "gtot": -702.673700771632,
            "bmw": 0.005906625739044345
        },
        "CONF2": {
            "sp": {
                "energy": -702.678113993241
            },
            "gtot": -702.678113993241,
            "bmw": 0.6328209953046694
        },
        "CONF5": {
            "sp": {
                "energy": -702.671894160091
            },
            "gtot": -702.671894160091,
            "bmw": 0.00087167715911716
        },
        "CONF1": {
            "sp": {
                "energy": -702.676775675117
            },
            "gtot": -702.676775675117,
            "bmw": 0.1533547222150351
        },
        "CONF3": {
            "sp": {
                "energy": -702.67705424359
            },
            "gtot": -702.67705424359,
            "bmw": 0.20598224241048393
        },
        "CONF6": {
            "sp": {
                "energy": -702.672082170212
            },
            "gtot": -702.672082170212,
            "bmw": 0.0010637371716501367
        }
    },
    "settings": {
        "threshold": 4.0,
        "func": "pbe-d4",
        "basis": "def2-sv(p)",
        "prog": "orca",
        "gfnv": "gfn2",
        "run": true,
        "template": false
    },
    "nconf_in": 6,
    "nconf_out": 6
}