{
    "partname": "screening",
    "runtime": 18.419661446940154,
    "results": {
        "CONF6": {
            "sp": {
                "energy": -703.547284530074
            },
            "gtot": -703.547284530074,
            "bmw": 0.0009723056707692599
        },
        "CONF3": {
            "sp": {
                "energy": -703.551190519502
            },
            "gtot": -703.551190519502,
            "bmw": 0.06087424547780093
        },
        "CONF1": {
            "sp": {
                "energy": -703.55169723514
            },
            "gtot": -703.55169723514,
            "bmw": 0.1041134052433124
        },
        "CONF2": {
            "sp": {
                "energy": -703.553624602196
            },
            "gtot": -703.553624602196,
            "bmw": 0.8017410689934825
        },
        "CONF4": {
            "sp": {
                "energy": -703.550510461921
            },
            "gtot": -703.550510461921,
            "bmw": 0.02962298076917289
        },
        "CONF5": {
            "sp": {
                "energy": -703.548240427306
            },
            "gtot": -703.548240427306,
            "bmw": 0.002675993845461919
        }
    },
    "settings": {
        "threshold": 3.5,
        "func": "r2scan-3c",
        "basis": "def2-tzvp",
        "prog": "orca",
        "sm": "smd",
        "gfnv": "gfn2",
        "run": true,
        "implicit": false,
        "template": false
    },
    "nconf_in": 6,
    "nconf_out": 6
}