{
   "temperature":     298.150000000000,
   "unit": "hartree",
   "energy":     -25.375844105009,
   "free energy":     -25.227641080954,
   "G(T)":       0.148203024055,
   "ZPVE":       0.181492056374,
   "number of imags":0,
   "point group": "cs",
   "gradient norm":       0.000051395897
}
