{
   "temperature":     298.150000000000,
   "unit": "hartree",
   "energy":     -32.435385217414,
   "free energy":     -32.263804234449,
   "G(T)":       0.171580982965,
   "ZPVE":       0.208689445700,
   "number of imags":0,
   "point group": "c1",
   "gradient norm":       0.000053309878
}
