{
   "temperature":     298.150000000000,
   "unit": "hartree",
   "energy":     -33.635801148950,
   "free energy":     -33.437674634696,
   "G(T)":       0.198126514254,
   "ZPVE":       0.235854237037,
   "number of imags":0,
   "point group": "c1",
   "gradient norm":       0.000096409443
}
