{
   "temperature":     298.150000000000,
   "unit": "hartree",
   "energy":     -17.789209441912,
   "free energy":     -17.742254327419,
   "G(T)":       0.046955114493,
   "ZPVE":       0.077036483191,
   "number of imags":0,
   "point group": "c1",
   "gradient norm":       0.000103766132
}
