{
   "temperature":     298.150000000000,
   "unit": "hartree",
   "energy":     -32.436912968177,
   "free energy":     -32.266158110287,
   "G(T)":       0.170754857890,
   "ZPVE":       0.208719140769,
   "number of imags":0,
   "point group": "c1",
   "gradient norm":       0.000041713891
}
