{
    "partname": "prescreening",
    "runtime": 10.911050581955351,
    "results": {
        "CONF4": {
            "sp": {
                "energy": -421.092846829037
            },
            "gtot": -421.092846829037,
            "bmw": 0.13434369743134364
        },
        "CONF2": {
            "sp": {
                "energy": -421.093538455316
            },
            "gtot": -421.093538455316,
            "bmw": 0.27947525702252307
        },
        "CONF3": {
            "sp": {
                "energy": -421.093309533872
            },
            "gtot": -421.093309533872,
            "bmw": 0.21930411899292823
        },
        "CONF1": {
            "sp": {
                "energy": -421.093795379697
            },
            "gtot": -421.093795379697,
            "bmw": 0.3668769265532049
        }
    },
    "settings": {
        "threshold": 4.0,
        "func": "pbe-d4",
        "basis": "def2-sv(p)",
        "prog": "orca",
        "gfnv": "gfn2",
        "run": true,
        "template": false
    },
    "nconf_in": 4,
    "nconf_out": 4
}