{
    "partname": "screening",
    "runtime": 23.601235702983104,
    "results": {
        "CONF2": {
            "sp": {
                "energy": -421.902867352689
            },
            "gtot": -421.902867352689,
            "bmw": 0.2713564764990271
        },
        "CONF4": {
            "sp": {
                "energy": -421.90217606813
            },
            "gtot": -421.90217606813,
            "bmw": 0.13048821922776058
        },
        "CONF1": {
            "sp": {
                "energy": -421.903166284453
            },
            "gtot": -421.903166284453,
            "bmw": 0.37242539326802737
        },
        "CONF3": {
            "sp": {
                "energy": -421.90269353396
            },
            "gtot": -421.90269353396,
            "bmw": 0.225729911005185
        }
    },
    "settings": {
        "threshold": 3.5,
        "func": "r2scan-3c",
        "basis": "def2-tzvp",
        "prog": "orca",
        "sm": "smd",
        "gfnv": "gfn2",
        "run": true,
        "implicit": false,
        "template": false
    },
    "nconf_in": 4,
    "nconf_out": 4
}