{
   "temperature":     298.150000000000,
   "unit": "hartree",
   "energy":     -26.289349573924,
   "free energy":     -26.166043016037,
   "G(T)":       0.123306557887,
   "ZPVE":       0.157087989602,
   "number of imags":0,
   "point group": "c1",
   "gradient norm":       0.000054898519
}
