{
   "temperature":     298.150000000000,
   "unit": "hartree",
   "energy":     -22.338959018883,
   "free energy":     -22.276129932772,
   "G(T)":       0.062829086112,
   "ZPVE":       0.093847749574,
   "number of imags":0,
   "point group": "cs",
   "gradient norm":       0.000011786884
}
