{
    "partname": "prescreening",
    "runtime": 15.723030806984752,
    "results": {
        "CONF4": {
            "sp": {
                "energy": -275.659189221222
            },
            "gtot": -275.659189221222,
            "bmw": 0.011751332546156025
        },
        "CONF5": {
            "sp": {
                "energy": -275.659312796701
            },
            "gtot": -275.659312796701,
            "bmw": 0.013394543041841856
        },
        "CONF1": {
            "sp": {
                "energy": -275.663332606188
            },
            "gtot": -275.663332606188,
            "bmw": 0.9460460524586043
        },
        "CONF2": {
            "sp": {
                "energy": -275.659655813488
            },
            "gtot": -275.659655813488,
            "bmw": 0.019262147435748892
        },
        "CONF3": {
            "sp": {
                "energy": -275.65899297042
            },
            "gtot": -275.65899297042,
            "bmw": 0.009545924517648777
        }
    },
    "settings": {
        "threshold": 4.0,
        "func": "pbe-d4",
        "basis": "def2-sv(p)",
        "prog": "orca",
        "gfnv": "gfn2",
        "run": true,
        "template": false
    },
    "nconf_in": 5,
    "nconf_out": 5
}