{
    "partname": "screening",
    "runtime": 26.67105648701545,
    "results": {
        "CONF1": {
            "sp": {
                "energy": -276.290205329463
            },
            "gtot": -276.290205329463,
            "bmw": 0.9491063939974256
        },
        "CONF2": {
            "sp": {
                "energy": -276.286685708542
            },
            "gtot": -276.286685708542,
            "bmw": 0.022824503446743753
        },
        "CONF5": {
            "sp": {
                "energy": -276.285476475235
            },
            "gtot": -276.285476475235,
            "bmw": 0.006341507612730542
        },
        "CONF3": {
            "sp": {
                "energy": -276.286137450149
            },
            "gtot": -276.286137450149,
            "bmw": 0.01277085381184914
        },
        "CONF4": {
            "sp": {
                "energy": -276.285802492375
            },
            "gtot": -276.285802492375,
            "bmw": 0.008956741131250933
        }
    },
    "settings": {
        "threshold": 3.5,
        "func": "r2scan-3c",
        "basis": "def2-tzvp",
        "prog": "orca",
        "sm": "smd",
        "gfnv": "gfn2",
        "run": true,
        "implicit": false,
        "template": false
    },
    "nconf_in": 5,
    "nconf_out": 5
}