{
   "temperature":     298.150000000000,
   "unit": "hartree",
   "energy":     -33.408885389076,
   "free energy":     -33.303771750614,
   "G(T)":       0.105113638462,
   "ZPVE":       0.141968748267,
   "number of imags":0,
   "point group": "cs",
   "gradient norm":       0.000087807941
}
