{
    "partname": "prescreening",
    "runtime": 75.47100723790936,
    "results": {
        "CONF4": {
            "sp": {
                "energy": -359.878917509808
            },
            "gtot": -359.878917509808,
            "bmw": 0.19627313173595476
        },
        "CONF3": {
            "sp": {
                "energy": -359.879868047253
            },
            "gtot": -359.879868047253,
            "bmw": 0.5371280246919765
        },
        "CONF1": {
            "sp": {
                "energy": -359.878784908077
            },
            "gtot": -359.878784908077,
            "bmw": 0.17055650101810318
        },
        "CONF2": {
            "sp": {
                "energy": -359.878242684604
            },
            "gtot": -359.878242684604,
            "bmw": 0.09604234255396549
        }
    },
    "settings": {
        "threshold": 4.0,
        "func": "pbe-d4",
        "basis": "def2-sv(p)",
        "prog": "orca",
        "gfnv": "gfn2",
        "run": true,
        "template": false
    },
    "nconf_in": 4,
    "nconf_out": 4
}