{
    "partname": "screening",
    "runtime": 20.547614661045372,
    "results": {
        "CONF1": {
            "sp": {
                "energy": -360.547842657769
            },
            "gtot": -360.547842657769,
            "bmw": 0.3296041038575078
        },
        "CONF2": {
            "sp": {
                "energy": -360.54695954345
            },
            "gtot": -360.54695954345,
            "bmw": 0.12935646578229343
        },
        "CONF4": {
            "sp": {
                "energy": -360.546470745716
            },
            "gtot": -360.546470745716,
            "bmw": 0.07708266955091093
        },
        "CONF3": {
            "sp": {
                "energy": -360.548165473368
            },
            "gtot": -360.548165473368,
            "bmw": 0.4639567608092877
        }
    },
    "settings": {
        "threshold": 3.5,
        "func": "r2scan-3c",
        "basis": "def2-tzvp",
        "prog": "orca",
        "sm": "smd",
        "gfnv": "gfn2",
        "run": true,
        "implicit": false,
        "template": false
    },
    "nconf_in": 4,
    "nconf_out": 4
}