{
   "temperature":     298.150000000000,
   "unit": "hartree",
   "energy":     -14.710996370960,
   "free energy":     -14.628806405146,
   "G(T)":       0.082189965813,
   "ZPVE":       0.111514975701,
   "number of imags":0,
   "point group": "c1",
   "gradient norm":       0.000055378357
}
