{
    "partname": "prescreening",
    "runtime": 11.590053698979318,
    "results": {
        "CONF1": {
            "sp": {
                "energy": -193.870813283433
            },
            "gtot": -193.870813283433,
            "bmw": 0.09612783987303429
        },
        "CONF3": {
            "sp": {
                "energy": -193.867550078205
            },
            "gtot": -193.867550078205,
            "bmw": 0.003033043763892621
        },
        "CONF2": {
            "sp": {
                "energy": -193.872925587547
            },
            "gtot": -193.872925587547,
            "bmw": 0.9004131338217751
        },
        "CONF4": {
            "sp": {
                "energy": -193.865696717582
            },
            "gtot": -193.865696717582,
            "bmw": 0.00042598254129798006
        }
    },
    "settings": {
        "threshold": 4.0,
        "func": "pbe-d4",
        "basis": "def2-sv(p)",
        "prog": "orca",
        "gfnv": "gfn2",
        "run": true,
        "template": false
    },
    "nconf_in": 4,
    "nconf_out": 3
}