{
    "partname": "screening",
    "runtime": 13.711458538891748,
    "results": {
        "CONF2": {
            "sp": {
                "energy": -194.28389482264
            },
            "gtot": -194.28389482264,
            "bmw": 0.8924518857575834
        },
        "CONF3": {
            "sp": {
                "energy": -194.278736489529
            },
            "gtot": -194.278736489529,
            "bmw": 0.0037836923652654745
        },
        "CONF1": {
            "sp": {
                "energy": -194.28186308127
            },
            "gtot": -194.28186308127,
            "bmw": 0.10376442187715125
        }
    },
    "settings": {
        "threshold": 3.5,
        "func": "r2scan-3c",
        "basis": "def2-tzvp",
        "prog": "orca",
        "sm": "smd",
        "gfnv": "gfn2",
        "run": true,
        "implicit": false,
        "template": false
    },
    "nconf_in": 3,
    "nconf_out": 3
}