{
   "temperature":     298.150000000000,
   "unit": "hartree",
   "energy":     -15.770930452522,
   "free energy":     -15.665601292584,
   "G(T)":       0.105329159938,
   "ZPVE":       0.134785092578,
   "number of imags":0,
   "point group": "c1",
   "gradient norm":       0.000076154523
}
