{
   "temperature":     298.150000000000,
   "unit": "hartree",
   "energy":     -23.045015751953,
   "free energy":     -22.907170418570,
   "G(T)":       0.137845333382,
   "ZPVE":       0.169571202281,
   "number of imags":0,
   "point group": "c2",
   "gradient norm":       0.000020408060
}
