{
   "temperature":     298.150000000000,
   "unit": "hartree",
   "energy":     -19.862897215563,
   "free energy":     -19.756257007824,
   "G(T)":       0.106640207739,
   "ZPVE":       0.138744782335,
   "number of imags":0,
   "point group": "c1",
   "gradient norm":       0.000031248231
}
