{
    "partname": "prescreening",
    "runtime": 6.230536594986916,
    "results": {
        "CONF2": {
            "sp": {
                "energy": -400.076010328757
            },
            "gtot": -400.076010328757,
            "bmw": 0.00011758664087349141
        },
        "CONF1": {
            "sp": {
                "energy": -400.084553509095
            },
            "gtot": -400.084553509095,
            "bmw": 0.9998824133591264
        }
    },
    "settings": {
        "threshold": 4.0,
        "func": "pbe-d4",
        "basis": "def2-sv(p)",
        "prog": "orca",
        "gfnv": "gfn2",
        "run": true,
        "template": false
    },
    "nconf_in": 2,
    "nconf_out": 1
}