{
   "temperature":     298.150000000000,
   "unit": "hartree",
   "energy":     -23.044939068850,
   "free energy":     -22.908908110968,
   "G(T)":       0.136030957883,
   "ZPVE":       0.169223652297,
   "number of imags":0,
   "point group": "c2",
   "gradient norm":       0.000031773142
}
