{
   "temperature":     298.150000000000,
   "unit": "hartree",
   "energy":     -25.518936774670,
   "free energy":     -25.430744492826,
   "G(T)":       0.088192281844,
   "ZPVE":       0.121735863168,
   "number of imags":0,
   "point group": "c1",
   "gradient norm":       0.000126822207
}
