{
   "temperature":     298.150000000000,
   "unit": "hartree",
   "energy":     -15.767826082206,
   "free energy":     -15.664468941732,
   "G(T)":       0.103357140474,
   "ZPVE":       0.134915106136,
   "number of imags":0,
   "point group": "c1",
   "gradient norm":       0.000047099378
}
