{
   "temperature":     298.150000000000,
   "unit": "hartree",
   "energy":     -21.651785082951,
   "free energy":     -21.608606061689,
   "G(T)":       0.043179021262,
   "ZPVE":       0.077375798197,
   "number of imags":0,
   "point group": "c1",
   "gradient norm":       0.000030136749
}
