{
   "temperature":     298.150000000000,
   "unit": "hartree",
   "energy":     -32.436381941043,
   "free energy":     -32.264254868848,
   "G(T)":       0.172127072196,
   "ZPVE":       0.208967983446,
   "number of imags":0,
   "point group": "c1",
   "gradient norm":       0.000081351958
}
