{
    "partname": "prescreening",
    "runtime": 13.782576272031292,
    "results": {
        "CONF2": {
            "sp": {
                "energy": -384.061275790923
            },
            "gtot": -384.061275790923,
            "bmw": 0.011385346168748945
        },
        "CONF3": {
            "sp": {
                "energy": -384.055019023006
            },
            "gtot": -384.055019023006,
            "bmw": 1.5081071871043762e-05
        },
        "CONF1": {
            "sp": {
                "energy": -384.065490591739
            },
            "gtot": -384.065490591739,
            "bmw": 0.9885995727593799
        }
    },
    "settings": {
        "threshold": 4.0,
        "func": "pbe-d4",
        "basis": "def2-sv(p)",
        "prog": "orca",
        "gfnv": "gfn2",
        "run": true,
        "template": false
    },
    "nconf_in": 3,
    "nconf_out": 2
}