{
   "temperature":     298.150000000000,
   "unit": "hartree",
   "energy":     -31.731825932196,
   "free energy":     -31.665796287918,
   "G(T)":       0.066029644278,
   "ZPVE":       0.101016721217,
   "number of imags":0,
   "point group": "cs",
   "gradient norm":       0.000059690636
}
