{
   "temperature":     298.150000000000,
   "unit": "hartree",
   "energy":     -14.554464053256,
   "free energy":     -14.477022895251,
   "G(T)":       0.077441158005,
   "ZPVE":       0.105399107008,
   "number of imags":0,
   "point group": "cs",
   "gradient norm":       0.000009470751
}
