{
   "temperature":     298.150000000000,
   "unit": "hartree",
   "energy":     -14.558596126028,
   "free energy":     -14.479971840588,
   "G(T)":       0.078624285441,
   "ZPVE":       0.106443672089,
   "number of imags":0,
   "point group": "c1",
   "gradient norm":       0.000037873518
}
