{
    "partname": "prescreening",
    "runtime": 9.56114372506272,
    "results": {
        "CONF5": {
            "sp": {
                "energy": -385.234890384162
            },
            "gtot": -385.234890384162,
            "bmw": 0.09420155312755431
        },
        "CONF7": {
            "sp": {
                "energy": -385.228151304363
            },
            "gtot": -385.228151304363,
            "bmw": 7.486794693295815e-05
        },
        "CONF4": {
            "sp": {
                "energy": -385.234292101474
            },
            "gtot": -385.234292101474,
            "bmw": 0.04998815130415909
        },
        "CONF1": {
            "sp": {
                "energy": -385.236431987226
            },
            "gtot": -385.236431987226,
            "bmw": 0.482110276590113
        },
        "CONF6": {
            "sp": {
                "energy": -385.230446765769
            },
            "gtot": -385.230446765769,
            "bmw": 0.0008514028204024735
        },
        "CONF3": {
            "sp": {
                "energy": -385.235644593883
            },
            "gtot": -385.235644593883,
            "bmw": 0.209397031808922
        },
        "CONF2": {
            "sp": {
                "energy": -385.235410272538
            },
            "gtot": -385.235410272538,
            "bmw": 0.16337671640191614
        }
    },
    "settings": {
        "threshold": 4.0,
        "func": "pbe-d4",
        "basis": "def2-sv(p)",
        "prog": "orca",
        "gfnv": "gfn2",
        "run": true,
        "template": false
    },
    "nconf_in": 7,
    "nconf_out": 6
}