{
    "partname": "screening",
    "runtime": 25.590185791021213,
    "results": {
        "CONF1": {
            "sp": {
                "energy": -386.001990753549
            },
            "gtot": -386.001990753549,
            "bmw": 0.42916431000203303
        },
        "CONF6": {
            "sp": {
                "energy": -385.996993781912
            },
            "gtot": -385.996993781912,
            "bmw": 0.0021586177589007992
        },
        "CONF3": {
            "sp": {
                "energy": -386.001255275865
            },
            "gtot": -386.001255275865,
            "bmw": 0.1969369831195284
        },
        "CONF4": {
            "sp": {
                "energy": -385.999873114765
            },
            "gtot": -385.999873114765,
            "bmw": 0.045559314597564696
        },
        "CONF5": {
            "sp": {
                "energy": -386.000706055399
            },
            "gtot": -386.000706055399,
            "bmw": 0.11007871549766166
        },
        "CONF2": {
            "sp": {
                "energy": -386.001342959378
            },
            "gtot": -386.001342959378,
            "bmw": 0.21610205902431137
        }
    },
    "settings": {
        "threshold": 3.5,
        "func": "r2scan-3c",
        "basis": "def2-tzvp",
        "prog": "orca",
        "sm": "smd",
        "gfnv": "gfn2",
        "run": true,
        "implicit": false,
        "template": false
    },
    "nconf_in": 6,
    "nconf_out": 6
}