{
   "temperature":     298.150000000000,
   "unit": "hartree",
   "energy":     -17.722800471436,
   "free energy":     -17.618481090175,
   "G(T)":       0.104319381261,
   "ZPVE":       0.134107837957,
   "number of imags":0,
   "point group": "c1",
   "gradient norm":       0.000034819311
}
