{
   "temperature":     298.150000000000,
   "unit": "hartree",
   "energy":     -21.653032969138,
   "free energy":     -21.608484623108,
   "G(T)":       0.044548346030,
   "ZPVE":       0.077864845159,
   "number of imags":0,
   "point group": "c1",
   "gradient norm":       0.000072825624
}
