{
   "temperature":     298.150000000000,
   "unit": "hartree",
   "energy":     -48.519923639749,
   "free energy":     -48.316037295103,
   "G(T)":       0.203886344645,
   "ZPVE":       0.248149515565,
   "number of imags":0,
   "point group": "c1",
   "gradient norm":       0.000108797774
}
