{
   "temperature":     298.150000000000,
   "unit": "hartree",
   "energy":     -23.106495329706,
   "free energy":     -23.009469216801,
   "G(T)":       0.097026112905,
   "ZPVE":       0.128849436942,
   "number of imags":0,
   "point group": "c1",
   "gradient norm":       0.000096645200
}
