{
   "temperature":     298.150000000000,
   "unit": "hartree",
   "energy":     -15.450288891672,
   "free energy":     -15.395300170338,
   "G(T)":       0.054988721334,
   "ZPVE":       0.081890051733,
   "number of imags":0,
   "point group": "c2",
   "gradient norm":       0.000189264510
}
