{
   "temperature":     298.150000000000,
   "unit": "hartree",
   "energy":     -23.161742690526,
   "free energy":     -22.981089951555,
   "G(T)":       0.180652738971,
   "ZPVE":       0.214678427397,
   "number of imags":0,
   "point group": "cs",
   "gradient norm":       0.000033331028
}
