{
   "temperature":     298.150000000000,
   "unit": "hartree",
   "energy":     -15.773915544499,
   "free energy":     -15.670508377967,
   "G(T)":       0.103407166532,
   "ZPVE":       0.134669634173,
   "number of imags":0,
   "point group": "c1",
   "gradient norm":       0.000052284787
}
