{
   "temperature":     298.150000000000,
   "unit": "hartree",
   "energy":     -35.709130738993,
   "free energy":     -35.463805486381,
   "G(T)":       0.245325252612,
   "ZPVE":       0.283008379578,
   "number of imags":0,
   "point group": "c1",
   "gradient norm":       0.000022160421
}
