{
   "temperature":     298.150000000000,
   "unit": "hartree",
   "energy":     -27.244108100384,
   "free energy":     -27.194137236793,
   "G(T)":       0.049970863592,
   "ZPVE":       0.081810751672,
   "number of imags":0,
   "point group": "c1",
   "gradient norm":       0.000046265233
}
