{
   "temperature":     298.150000000000,
   "unit": "hartree",
   "energy":     -31.866447528599,
   "free energy":     -31.726109951059,
   "G(T)":       0.140337577540,
   "ZPVE":       0.177811298111,
   "number of imags":0,
   "point group": "c1",
   "gradient norm":       0.000050116661
}
