{
    "partname": "prescreening",
    "runtime": 10.632620690041222,
    "results": {
        "CONF3": {
            "sp": {
                "energy": -401.244167737831
            },
            "gtot": -401.244167737831,
            "bmw": 0.010011593988425122
        },
        "CONF2": {
            "sp": {
                "energy": -401.244240513263
            },
            "gtot": -401.244240513263,
            "bmw": 0.010813782006419824
        },
        "CONF1": {
            "sp": {
                "energy": -401.248494900212
            },
            "gtot": -401.248494900212,
            "bmw": 0.979174624005155
        }
    },
    "settings": {
        "threshold": 4.0,
        "func": "pbe-d4",
        "basis": "def2-sv(p)",
        "prog": "orca",
        "gfnv": "gfn2",
        "run": true,
        "template": false
    },
    "nconf_in": 3,
    "nconf_out": 3
}