{
    "partname": "screening",
    "runtime": 24.455285428091884,
    "results": {
        "CONF2": {
            "sp": {
                "energy": -402.023038145417
            },
            "gtot": -402.023038145417,
            "bmw": 0.017151064527290816
        },
        "CONF3": {
            "sp": {
                "energy": -402.02290611093
            },
            "gtot": -402.02290611093,
            "bmw": 0.01491280780594838
        },
        "CONF1": {
            "sp": {
                "energy": -402.026846138598
            },
            "gtot": -402.026846138598,
            "bmw": 0.9679361276667607
        }
    },
    "settings": {
        "threshold": 3.5,
        "func": "r2scan-3c",
        "basis": "def2-tzvp",
        "prog": "orca",
        "sm": "smd",
        "gfnv": "gfn2",
        "run": true,
        "implicit": false,
        "template": false
    },
    "nconf_in": 3,
    "nconf_out": 3
}