{
    "partname": "prescreening",
    "runtime": 10.4827644090401,
    "results": {
        "CONF1": {
            "sp": {
                "energy": -155.611058454479
            },
            "gtot": -155.611058454479,
            "bmw": 0.9978194477662246
        },
        "CONF2": {
            "sp": {
                "energy": -155.605274390064
            },
            "gtot": -155.605274390064,
            "bmw": 0.0021805522337754947
        }
    },
    "settings": {
        "threshold": 4.0,
        "func": "pbe-d4",
        "basis": "def2-sv(p)",
        "prog": "orca",
        "gfnv": "gfn2",
        "run": true,
        "template": false
    },
    "nconf_in": 2,
    "nconf_out": 2
}