{
   "temperature":     298.150000000000,
   "unit": "hartree",
   "energy":     -22.753012271767,
   "free energy":     -22.656202171399,
   "G(T)":       0.096810100368,
   "ZPVE":       0.129264607345,
   "number of imags":0,
   "point group": "c1",
   "gradient norm":       0.000027367599
}
