{
   "temperature":     298.150000000000,
   "unit": "hartree",
   "energy":     -33.636851682331,
   "free energy":     -33.438888467283,
   "G(T)":       0.197963215048,
   "ZPVE":       0.235850514427,
   "number of imags":0,
   "point group": "c1",
   "gradient norm":       0.000051901524
}
