{
    "partname": "prescreening",
    "runtime": 46.74384133098647,
    "results": {
        "CONF7": {
            "sp": {
                "energy": -667.733632529976
            },
            "gtot": -667.733632529976,
            "bmw": 0.013840627511639943
        },
        "CONF4": {
            "sp": {
                "energy": -667.735741284724
            },
            "gtot": -667.735741284724,
            "bmw": 0.12915636788826002
        },
        "CONF2": {
            "sp": {
                "energy": -667.735928981062
            },
            "gtot": -667.735928981062,
            "bmw": 0.1575615203279314
        },
        "CONF5": {
            "sp": {
                "energy": -667.736203388103
            },
            "gtot": -667.736203388103,
            "bmw": 0.21070200322860708
        },
        "CONF11": {
            "sp": {
                "energy": -667.732377561482
            },
            "gtot": -667.732377561482,
            "bmw": 0.0036636183952986584
        },
        "CONF3": {
            "sp": {
                "energy": -667.734363120859
            },
            "gtot": -667.734363120859,
            "bmw": 0.0300057388670955
        },
        "CONF1": {
            "sp": {
                "energy": -667.736896232865
            },
            "gtot": -667.736896232865,
            "bmw": 0.43888950452542164
        },
        "CONF6": {
            "sp": {
                "energy": -667.733251275906
            },
            "gtot": -667.733251275906,
            "bmw": 0.009242533799953549
        },
        "CONF8": {
            "sp": {
                "energy": -667.731523131618
            },
            "gtot": -667.731523131618,
            "bmw": 0.0014821757315224642
        },
        "CONF12": {
            "sp": {
                "energy": -667.727093312472
            },
            "gtot": -667.727093312472,
            "bmw": 1.3593269697686764e-05
        },
        "CONF9": {
            "sp": {
                "energy": -667.731812681814
            },
            "gtot": -667.731812681814,
            "bmw": 0.0020141117778364878
        },
        "CONF10": {
            "sp": {
                "energy": -667.732314853907
            },
            "gtot": -667.732314853907,
            "bmw": 0.003428204676735321
        }
    },
    "settings": {
        "threshold": 4.0,
        "func": "pbe-d4",
        "basis": "def2-sv(p)",
        "prog": "orca",
        "gfnv": "gfn2",
        "run": true,
        "template": false
    },
    "nconf_in": 12,
    "nconf_out": 11
}