{
    "partname": "screening",
    "runtime": 88.6629424180137,
    "results": {
        "CONF3": {
            "sp": {
                "energy": -668.975990620004
            },
            "gtot": -668.975990620004,
            "bmw": 0.018185024930983573
        },
        "CONF5": {
            "sp": {
                "energy": -668.978714275462
            },
            "gtot": -668.978714275462,
            "bmw": 0.3254682973343065
        },
        "CONF10": {
            "sp": {
                "energy": -668.974971435148
            },
            "gtot": -668.974971435148,
            "bmw": 0.006179044418969494
        },
        "CONF7": {
            "sp": {
                "energy": -668.975841883071
            },
            "gtot": -668.975841883071,
            "bmw": 0.015534584697070326
        },
        "CONF8": {
            "sp": {
                "energy": -668.974970325497
            },
            "gtot": -668.974970325497,
            "bmw": 0.006171786769486284
        },
        "CONF11": {
            "sp": {
                "energy": -668.975278895528
            },
            "gtot": -668.975278895528,
            "bmw": 0.008557428964069863
        },
        "CONF6": {
            "sp": {
                "energy": -668.975912559568
            },
            "gtot": -668.975912559568,
            "bmw": 0.016742048110534476
        },
        "CONF1": {
            "sp": {
                "energy": -668.978556099246
            },
            "gtot": -668.978556099246,
            "bmw": 0.27526606135720727
        },
        "CONF9": {
            "sp": {
                "energy": -668.973924607593
            },
            "gtot": -668.973924607593,
            "bmw": 0.002038984724914621
        },
        "CONF4": {
            "sp": {
                "energy": -668.978597396882
            },
            "gtot": -668.978597396882,
            "bmw": 0.28757310490078397
        },
        "CONF2": {
            "sp": {
                "energy": -668.976693493116
            },
            "gtot": -668.976693493116,
            "bmw": 0.03828363379167376
        }
    },
    "settings": {
        "threshold": 3.5,
        "func": "r2scan-3c",
        "basis": "def2-tzvp",
        "prog": "orca",
        "sm": "smd",
        "gfnv": "gfn2",
        "run": true,
        "implicit": false,
        "template": false
    },
    "nconf_in": 11,
    "nconf_out": 11
}