{
   "temperature":     298.150000000000,
   "unit": "hartree",
   "energy":     -16.981901565879,
   "free energy":     -16.912747033806,
   "G(T)":       0.069154532073,
   "ZPVE":       0.099811376851,
   "number of imags":0,
   "point group": "cs",
   "gradient norm":       0.000096547146
}
