{
   "temperature":     298.150000000000,
   "unit": "hartree",
   "energy":     -20.787000736008,
   "free energy":     -20.705611178662,
   "G(T)":       0.081389557346,
   "ZPVE":       0.114950178966,
   "number of imags":0,
   "point group": "c1",
   "gradient norm":       0.000126133081
}
