{
   "temperature":     298.150000000000,
   "unit": "hartree",
   "energy":     -25.646091868100,
   "free energy":     -25.512048721712,
   "G(T)":       0.134043146388,
   "ZPVE":       0.168539122904,
   "number of imags":0,
   "point group": "cs",
   "gradient norm":       0.000045034598
}
