{
   "temperature":     298.150000000000,
   "unit": "hartree",
   "energy":     -23.158713206561,
   "free energy":     -22.977169149383,
   "G(T)":       0.181544057178,
   "ZPVE":       0.214924927321,
   "number of imags":0,
   "point group": "c1",
   "gradient norm":       0.000020575991
}
