{
   "temperature":     298.150000000000,
   "unit": "hartree",
   "energy":     -17.623088854480,
   "free energy":     -17.564730404616,
   "G(T)":       0.058358449864,
   "ZPVE":       0.088305701925,
   "number of imags":0,
   "point group": "c1",
   "gradient norm":       0.000010232871
}
