{
    "partname": "prescreening",
    "runtime": 20.502835287014022,
    "results": {
        "CONF3": {
            "sp": {
                "energy": -3728.104179442269
            },
            "gtot": -3728.104179442269,
            "bmw": 0.001511518571213877
        },
        "CONF1": {
            "sp": {
                "energy": -3728.110308717326
            },
            "gtot": -3728.110308717326,
            "bmw": 0.9969763617144326
        },
        "CONF2": {
            "sp": {
                "energy": -3728.104179817704
            },
            "gtot": -3728.104179817704,
            "bmw": 0.0015121197143535643
        }
    },
    "settings": {
        "threshold": 4.0,
        "func": "pbe-d4",
        "basis": "def2-sv(p)",
        "prog": "orca",
        "gfnv": "gfn2",
        "run": true,
        "template": false
    },
    "nconf_in": 3,
    "nconf_out": 3
}