{
    "partname": "screening",
    "runtime": 71.47700763691682,
    "results": {
        "CONF2": {
            "sp": {
                "energy": -3731.28762961913
            },
            "gtot": -3731.28762961913,
            "bmw": 0.03738258708927321
        },
        "CONF3": {
            "sp": {
                "energy": -3731.287445029366
            },
            "gtot": -3731.287445029366,
            "bmw": 0.030744252599231983
        },
        "CONF1": {
            "sp": {
                "energy": -3731.290666106368
            },
            "gtot": -3731.290666106368,
            "bmw": 0.9318731603114948
        }
    },
    "settings": {
        "threshold": 3.5,
        "func": "r2scan-3c",
        "basis": "def2-tzvp",
        "prog": "orca",
        "sm": "smd",
        "gfnv": "gfn2",
        "run": true,
        "implicit": false,
        "template": false
    },
    "nconf_in": 3,
    "nconf_out": 3
}