{
   "temperature":     298.150000000000,
   "unit": "hartree",
   "energy":     -13.520299341133,
   "free energy":     -13.465219795951,
   "G(T)":       0.055079545183,
   "ZPVE":       0.082586076789,
   "number of imags":0,
   "point group": "cs",
   "gradient norm":       0.000077879423
}
