{
   "temperature":     298.150000000000,
   "unit": "hartree",
   "energy":     -17.623689200878,
   "free energy":     -17.565718248246,
   "G(T)":       0.057970952632,
   "ZPVE":       0.087893982937,
   "number of imags":0,
   "point group": "cs",
   "gradient norm":       0.000011452960
}
