{
   "temperature":     298.150000000000,
   "unit": "hartree",
   "energy":     -15.773916003401,
   "free energy":     -15.670477861028,
   "G(T)":       0.103438142374,
   "ZPVE":       0.134670741689,
   "number of imags":0,
   "point group": "c1",
   "gradient norm":       0.000068701474
}
