{
   "temperature":     298.150000000000,
   "unit": "hartree",
   "energy":     -23.124913765868,
   "free energy":     -23.029507217892,
   "G(T)":       0.095406547976,
   "ZPVE":       0.128473683521,
   "number of imags":0,
   "point group": "cs",
   "gradient norm":       0.000016119066
}
