{
   "temperature":     298.150000000000,
   "unit": "hartree",
   "energy":     -19.994704727810,
   "free energy":     -19.839232912799,
   "G(T)":       0.155471815011,
   "ZPVE":       0.186846047065,
   "number of imags":0,
   "point group": "c2h",
   "gradient norm":       0.000022069813
}
