{
   "temperature":     298.150000000000,
   "unit": "hartree",
   "energy":     -14.076716497832,
   "free energy":     -14.013558462900,
   "G(T)":       0.063158034933,
   "ZPVE":       0.092979482171,
   "number of imags":0,
   "point group": "cs",
   "gradient norm":       0.000048277501
}
