{
   "temperature":     298.150000000000,
   "unit": "hartree",
   "energy":     -16.981900935642,
   "free energy":     -16.912650588942,
   "G(T)":       0.069250346700,
   "ZPVE":       0.099809996040,
   "number of imags":0,
   "point group": "c1",
   "gradient norm":       0.000027535020
}
