{
    "partname": "prescreening",
    "runtime": 10.977760683046654,
    "results": {
        "CONF3": {
            "sp": {
                "energy": -1457.408781654727
            },
            "gtot": -1457.408781654727,
            "bmw": 1.57287369668639e-06
        },
        "CONF1": {
            "sp": {
                "energy": -1457.421253550807
            },
            "gtot": -1457.421253550807,
            "bmw": 0.8577662395441342
        },
        "CONF2": {
            "sp": {
                "energy": -1457.419556974552
            },
            "gtot": -1457.419556974552,
            "bmw": 0.14223218758216916
        }
    },
    "settings": {
        "threshold": 4.0,
        "func": "pbe-d4",
        "basis": "def2-sv(p)",
        "prog": "orca",
        "gfnv": "gfn2",
        "run": true,
        "template": false
    },
    "nconf_in": 3,
    "nconf_out": 2
}