{
    "partname": "prescreening",
    "runtime": 12.670468074036762,
    "results": {
        "CONF3": {
            "sp": {
                "energy": -274.481993265746
            },
            "gtot": -274.481993265746,
            "bmw": 1.8538288432570455e-05
        },
        "CONF4": {
            "sp": {
                "energy": -274.481629733974
            },
            "gtot": -274.481629733974,
            "bmw": 1.2614109435760687e-05
        },
        "CONF1": {
            "sp": {
                "energy": -274.492234850422
            },
            "gtot": -274.492234850422,
            "bmw": 0.952516483789123
        },
        "CONF2": {
            "sp": {
                "energy": -274.489402883429
            },
            "gtot": -274.489402883429,
            "bmw": 0.04745236381300847
        }
    },
    "settings": {
        "threshold": 4.0,
        "func": "pbe-d4",
        "basis": "def2-sv(p)",
        "prog": "orca",
        "gfnv": "gfn2",
        "run": true,
        "template": false
    },
    "nconf_in": 4,
    "nconf_out": 2
}