{
    "partname": "prescreening",
    "runtime": 19.615290893008932,
    "results": {
        "CONF15": {
            "sp": {
                "energy": -466.029416085313
            },
            "gtot": -466.029416085313,
            "bmw": 0.00014725663296932305
        },
        "CONF1": {
            "sp": {
                "energy": -466.036417950331
            },
            "gtot": -466.036417950331,
            "bmw": 0.24474275205806711
        },
        "CONF4": {
            "sp": {
                "energy": -466.033509201622
            },
            "gtot": -466.033509201622,
            "bmw": 0.011240303709404226
        },
        "CONF16": {
            "sp": {
                "energy": -466.028548469571
            },
            "gtot": -466.028548469571,
            "bmw": 5.874883367644514e-05
        },
        "CONF21": {
            "sp": {
                "energy": -466.028803739921
            },
            "gtot": -466.028803739921,
            "bmw": 7.698666069382167e-05
        },
        "CONF25": {
            "sp": {
                "energy": -466.027934504865
            },
            "gtot": -466.027934504865,
            "bmw": 3.0661615456656366e-05
        },
        "CONF20": {
            "sp": {
                "energy": -466.027574208634
            },
            "gtot": -466.027574208634,
            "bmw": 2.093486853425384e-05
        },
        "CONF5": {
            "sp": {
                "energy": -466.030457307832
            },
            "gtot": -466.030457307832,
            "bmw": 0.0004436128042423412
        },
        "CONF14": {
            "sp": {
                "energy": -466.02990835463
            },
            "gtot": -466.02990835463,
            "bmw": 0.00024802935182785914
        },
        "CONF18": {
            "sp": {
                "energy": -466.030529579449
            },
            "gtot": -466.030529579449,
            "bmw": 0.0004789020715889472
        },
        "CONF12": {
            "sp": {
                "energy": -466.028173699419
            },
            "gtot": -466.028173699419,
            "bmw": 3.950180235149649e-05
        },
        "CONF17": {
            "sp": {
                "energy": -466.028566654511
            },
            "gtot": -466.028566654511,
            "bmw": 5.989130035017657e-05
        },
        "CONF13": {
            "sp": {
                "energy": -466.028645526174
            },
            "gtot": -466.028645526174,
            "bmw": 6.510917557618432e-05
        },
        "CONF22": {
            "sp": {
                "energy": -466.028872363123
            },
            "gtot": -466.028872363123,
            "bmw": 8.279039801511311e-05
        },
        "CONF3": {
            "sp": {
                "energy": -466.035878851698
            },
            "gtot": -466.035878851698,
            "bmw": 0.13827435223380855
        },
        "CONF23": {
            "sp": {
                "energy": -466.027105078468
            },
            "gtot": -466.027105078468,
            "bmw": 1.273753230400185e-05
        },
        "CONF19": {
            "sp": {
                "energy": -466.02696042675
            },
            "gtot": -466.02696042675,
            "bmw": 1.0928237221926445e-05
        },
        "CONF8": {
            "sp": {
                "energy": -466.030589353608
            },
            "gtot": -466.030589353608,
            "bmw": 0.0005102005537317348
        },
        "CONF7": {
            "sp": {
                "energy": -466.030970695278
            },
            "gtot": -466.030970695278,
            "bmw": 0.000764092526875065
        },
        "CONF9": {
            "sp": {
                "energy": -466.030531179265
            },
            "gtot": -466.030531179265,
            "bmw": 0.0004797142065078341
        },
        "CONF6": {
            "sp": {
                "energy": -466.029674704216
            },
            "gtot": -466.029674704216,
            "bmw": 0.00019365616499407656
        },
        "CONF11": {
            "sp": {
                "energy": -466.029111665765
            },
            "gtot": -466.029111665765,
            "bmw": 0.00010667227724760508
        },
        "CONF24": {
            "sp": {
                "energy": -466.026093834476
            },
            "gtot": -466.026093834476,
            "bmw": 4.364608152211984e-06
        },
        "CONF26": {
            "sp": {
                "energy": -466.026370022852
            },
            "gtot": -466.026370022852,
            "bmw": 5.847673535567979e-06
        },
        "CONF10": {
            "sp": {
                "energy": -466.030492304054
            },
            "gtot": -466.030492304054,
            "bmw": 0.000460363857849647
        },
        "CONF2": {
            "sp": {
                "energy": -466.037266886518
            },
            "gtot": -466.037266886518,
            "bmw": 0.6014415888450179
        }
    },
    "settings": {
        "threshold": 4.0,
        "func": "pbe-d4",
        "basis": "def2-sv(p)",
        "prog": "orca",
        "gfnv": "gfn2",
        "run": true,
        "template": false
    },
    "nconf_in": 26,
    "nconf_out": 5
}