{
    "partname": "screening",
    "runtime": 42.6759497160092,
    "results": {
        "CONF2": {
            "sp": {
                "energy": -467.009361747746
            },
            "gtot": -467.009361747746,
            "bmw": 0.47334742660988094
        },
        "CONF7": {
            "sp": {
                "energy": -467.003357126427
            },
            "gtot": -467.003357126427,
            "bmw": 0.0008189273904775775
        },
        "CONF3": {
            "sp": {
                "energy": -467.00760890269
            },
            "gtot": -467.00760890269,
            "bmw": 0.07394811434973408
        },
        "CONF1": {
            "sp": {
                "energy": -467.009260397408
            },
            "gtot": -467.009260397408,
            "bmw": 0.4251694896743363
        },
        "CONF4": {
            "sp": {
                "energy": -467.006647629661
            },
            "gtot": -467.006647629661,
            "bmw": 0.026716041975571255
        }
    },
    "settings": {
        "threshold": 3.5,
        "func": "r2scan-3c",
        "basis": "def2-tzvp",
        "prog": "orca",
        "sm": "smd",
        "gfnv": "gfn2",
        "run": true,
        "implicit": false,
        "template": false
    },
    "nconf_in": 5,
    "nconf_out": 5
}