{
   "temperature":     298.150000000000,
   "unit": "hartree",
   "energy":     -13.918551645197,
   "free energy":     -13.827054005367,
   "G(T)":       0.091497639830,
   "ZPVE":       0.119420149327,
   "number of imags":0,
   "point group": "c1",
   "gradient norm":       0.000028261499
}
