{
   "temperature":     298.150000000000,
   "unit": "hartree",
   "energy":     -43.363994815948,
   "free energy":     -43.211236338401,
   "G(T)":       0.152758477547,
   "ZPVE":       0.188913178849,
   "number of imags":0,
   "point group": "c1",
   "gradient norm":       0.000034557602
}
