{
   "temperature":     298.150000000000,
   "unit": "hartree",
   "energy":     -35.037562225777,
   "free energy":     -34.873572932697,
   "G(T)":       0.163989293080,
   "ZPVE":       0.204967950556,
   "number of imags":0,
   "point group": "c1",
   "gradient norm":       0.000053514944
}
