{
   "temperature":     298.150000000000,
   "unit": "hartree",
   "energy":     -43.362833500471,
   "free energy":     -43.210246886162,
   "G(T)":       0.152586614309,
   "ZPVE":       0.189220978477,
   "number of imags":0,
   "point group": "c1",
   "gradient norm":       0.000155596335
}
