{
    "partname": "prescreening",
    "runtime": 10.79548541503027,
    "results": {
        "CONF2": {
            "sp": {
                "energy": -475.10366633141
            },
            "gtot": -475.10366633141,
            "bmw": 0.4003307433269912
        },
        "CONF3": {
            "sp": {
                "energy": -475.101399772999
            },
            "gtot": -475.101399772999,
            "bmw": 0.03629729321243865
        },
        "CONF1": {
            "sp": {
                "energy": -475.103988910884
            },
            "gtot": -475.103988910884,
            "bmw": 0.5633719634605702
        }
    },
    "settings": {
        "threshold": 4.0,
        "func": "pbe-d4",
        "basis": "def2-sv(p)",
        "prog": "orca",
        "gfnv": "gfn2",
        "run": true,
        "template": false
    },
    "nconf_in": 3,
    "nconf_out": 3
}