{
    "partname": "screening",
    "runtime": 23.40926931099966,
    "results": {
        "CONF2": {
            "sp": {
                "energy": -475.971505834385
            },
            "gtot": -475.971505834385,
            "bmw": 0.39740063371881035
        },
        "CONF1": {
            "sp": {
                "energy": -475.971866994385
            },
            "gtot": -475.971866994385,
            "bmw": 0.5825734068519889
        },
        "CONF3": {
            "sp": {
                "energy": -475.968684692979
            },
            "gtot": -475.968684692979,
            "bmw": 0.020025959429200765
        }
    },
    "settings": {
        "threshold": 3.5,
        "func": "r2scan-3c",
        "basis": "def2-tzvp",
        "prog": "orca",
        "sm": "smd",
        "gfnv": "gfn2",
        "run": true,
        "implicit": false,
        "template": false
    },
    "nconf_in": 3,
    "nconf_out": 3
}