{
   "temperature":     298.150000000000,
   "unit": "hartree",
   "energy":     -25.246924830178,
   "free energy":     -25.146648037921,
   "G(T)":       0.100276792256,
   "ZPVE":       0.133950814181,
   "number of imags":0,
   "point group": "cs",
   "gradient norm":       0.000036058319
}
