{
    "partname": "prescreening",
    "runtime": 7.982249971013516,
    "results": {
        "CONF4": {
            "sp": {
                "energy": -385.234868466643
            },
            "gtot": -385.234868466643,
            "bmw": 0.07824667399387913
        },
        "CONF1": {
            "sp": {
                "energy": -385.236351265475
            },
            "gtot": -385.236351265475,
            "bmw": 0.37627566980548405
        },
        "CONF2": {
            "sp": {
                "energy": -385.236370065782
            },
            "gtot": -385.236370065782,
            "bmw": 0.38384304878612113
        },
        "CONF5": {
            "sp": {
                "energy": -385.234938224438
            },
            "gtot": -385.234938224438,
            "bmw": 0.08424657441190667
        },
        "CONF3": {
            "sp": {
                "energy": -385.234858048361
            },
            "gtot": -385.234858048361,
            "bmw": 0.07738803300260907
        }
    },
    "settings": {
        "threshold": 4.0,
        "func": "pbe-d4",
        "basis": "def2-sv(p)",
        "prog": "orca",
        "gfnv": "gfn2",
        "run": true,
        "template": false
    },
    "nconf_in": 5,
    "nconf_out": 5
}