{
    "partname": "screening",
    "runtime": 25.525527304038405,
    "results": {
        "CONF3": {
            "sp": {
                "energy": -386.0005861608
            },
            "gtot": -386.0005861608,
            "bmw": 0.08966582652927702
        },
        "CONF2": {
            "sp": {
                "energy": -386.001877892185
            },
            "gtot": -386.001877892185,
            "bmw": 0.35219425321372344
        },
        "CONF5": {
            "sp": {
                "energy": -386.000493482121
            },
            "gtot": -386.000493482121,
            "bmw": 0.08128262387748977
        },
        "CONF4": {
            "sp": {
                "energy": -386.000560985052
            },
            "gtot": -386.000560985052,
            "bmw": 0.08730656740906897
        },
        "CONF1": {
            "sp": {
                "energy": -386.001973076504
            },
            "gtot": -386.001973076504,
            "bmw": 0.38955072897044074
        }
    },
    "settings": {
        "threshold": 3.5,
        "func": "r2scan-3c",
        "basis": "def2-tzvp",
        "prog": "orca",
        "sm": "smd",
        "gfnv": "gfn2",
        "run": true,
        "implicit": false,
        "template": false
    },
    "nconf_in": 5,
    "nconf_out": 5
}