{
   "temperature":     298.150000000000,
   "unit": "hartree",
   "energy":     -27.187798454317,
   "free energy":     -27.087828354787,
   "G(T)":       0.099970099530,
   "ZPVE":       0.132656422436,
   "number of imags":0,
   "point group": "cs",
   "gradient norm":       0.000021474306
}
