{
    "partname": "prescreening",
    "runtime": 85.92795638309326,
    "results": {
        "CONF3": {
            "sp": {
                "energy": -346.00245893566
            },
            "gtot": -346.00245893566,
            "bmw": 0.014001843134500605
        },
        "CONF1": {
            "sp": {
                "energy": -346.00642486196
            },
            "gtot": -346.00642486196,
            "bmw": 0.9340820644847004
        },
        "CONF2": {
            "sp": {
                "energy": -346.003696231711
            },
            "gtot": -346.003696231711,
            "bmw": 0.051916092380798855
        }
    },
    "settings": {
        "threshold": 4.0,
        "func": "pbe-d4",
        "basis": "def2-sv(p)",
        "prog": "orca",
        "gfnv": "gfn2",
        "run": true,
        "template": false
    },
    "nconf_in": 3,
    "nconf_out": 3
}