{
    "partname": "screening",
    "runtime": 164.381436299067,
    "results": {
        "CONF2": {
            "sp": {
                "energy": -346.687355983183
            },
            "gtot": -346.687355983183,
            "bmw": 0.1079341723001652
        },
        "CONF1": {
            "sp": {
                "energy": -346.689306226788
            },
            "gtot": -346.689306226788,
            "bmw": 0.8515475998453368
        },
        "CONF3": {
            "sp": {
                "energy": -346.686430900624
            },
            "gtot": -346.686430900624,
            "bmw": 0.04051822785449801
        }
    },
    "settings": {
        "threshold": 3.5,
        "func": "r2scan-3c",
        "basis": "def2-tzvp",
        "prog": "orca",
        "sm": "smd",
        "gfnv": "gfn2",
        "run": true,
        "implicit": false,
        "template": false
    },
    "nconf_in": 3,
    "nconf_out": 3
}