{
   "temperature":     298.150000000000,
   "unit": "hartree",
   "energy":     -43.362930623436,
   "free energy":     -43.213089475417,
   "G(T)":       0.149841148019,
   "ZPVE":       0.188184761506,
   "number of imags":0,
   "point group": "c1",
   "gradient norm":       0.000086687316
}
