{
   "temperature":     298.150000000000,
   "unit": "hartree",
   "energy":     -43.364968490467,
   "free energy":     -43.212117339520,
   "G(T)":       0.152851150947,
   "ZPVE":       0.189052842210,
   "number of imags":0,
   "point group": "c1",
   "gradient norm":       0.000054267249
}
