{
   "temperature":     298.150000000000,
   "unit": "hartree",
   "energy":     -33.633101588008,
   "free energy":     -33.435193601572,
   "G(T)":       0.197907986436,
   "ZPVE":       0.236167871275,
   "number of imags":0,
   "point group": "c1",
   "gradient norm":       0.000027316797
}
