{
   "temperature":     298.150000000000,
   "unit": "hartree",
   "energy":     -28.053683412951,
   "free energy":     -28.004934369324,
   "G(T)":       0.048749043627,
   "ZPVE":       0.082342579065,
   "number of imags":0,
   "point group": "cs",
   "gradient norm":       0.000036267743
}
