{
   "temperature":     298.150000000000,
   "unit": "hartree",
   "energy":     -43.365244483939,
   "free energy":     -43.215048787888,
   "G(T)":       0.150195696051,
   "ZPVE":       0.188284371591,
   "number of imags":0,
   "point group": "c1",
   "gradient norm":       0.000036628617
}
