{
   "temperature":     298.150000000000,
   "unit": "hartree",
   "energy":     -23.113195091138,
   "free energy":     -23.015516102279,
   "G(T)":       0.097678988858,
   "ZPVE":       0.128901142510,
   "number of imags":0,
   "point group": "cs",
   "gradient norm":       0.000039322723
}
