{
    "partname": "prescreening",
    "runtime": 16.343272008001804,
    "results": {
        "CONF2": {
            "sp": {
                "energy": -349.371807549426
            },
            "gtot": -349.371807549426,
            "bmw": 0.3472157121037173
        },
        "CONF4": {
            "sp": {
                "energy": -349.369645981669
            },
            "gtot": -349.369645981669,
            "bmw": 0.0351841468200691
        },
        "CONF3": {
            "sp": {
                "energy": -349.37032155178
            },
            "gtot": -349.37032155178,
            "bmw": 0.07195943845550372
        },
        "CONF1": {
            "sp": {
                "energy": -349.372234334162
            },
            "gtot": -349.372234334162,
            "bmw": 0.5456407026207098
        }
    },
    "settings": {
        "threshold": 4.0,
        "func": "pbe-d4",
        "basis": "def2-sv(p)",
        "prog": "orca",
        "gfnv": "gfn2",
        "run": true,
        "template": false
    },
    "nconf_in": 4,
    "nconf_out": 4
}