{
    "partname": "screening",
    "runtime": 30.279122643987648,
    "results": {
        "CONF1": {
            "sp": {
                "energy": -350.081981577548
            },
            "gtot": -350.081981577548,
            "bmw": 0.5131209782204098
        },
        "CONF4": {
            "sp": {
                "energy": -350.079748014349
            },
            "gtot": -350.079748014349,
            "bmw": 0.0481783380152785
        },
        "CONF2": {
            "sp": {
                "energy": -350.081548071375
            },
            "gtot": -350.081548071375,
            "bmw": 0.32420576525963724
        },
        "CONF3": {
            "sp": {
                "energy": -350.080565319611
            },
            "gtot": -350.080565319611,
            "bmw": 0.11449491850467451
        }
    },
    "settings": {
        "threshold": 3.5,
        "func": "r2scan-3c",
        "basis": "def2-tzvp",
        "prog": "orca",
        "sm": "smd",
        "gfnv": "gfn2",
        "run": true,
        "implicit": false,
        "template": false
    },
    "nconf_in": 4,
    "nconf_out": 4
}