{
   "temperature":     298.150000000000,
   "unit": "hartree",
   "energy":     -15.773916117593,
   "free energy":     -15.670517355377,
   "G(T)":       0.103398762216,
   "ZPVE":       0.134672778837,
   "number of imags":0,
   "point group": "c1",
   "gradient norm":       0.000043528028
}
