{
   "temperature":     298.150000000000,
   "unit": "hartree",
   "energy":     -15.016400586299,
   "free energy":     -14.944119796571,
   "G(T)":       0.072280789728,
   "ZPVE":       0.101329708378,
   "number of imags":0,
   "point group": "c1",
   "gradient norm":       0.000028349100
}
