{
    "partname": "prescreening",
    "runtime": 11.253500738996081,
    "results": {
        "CONF2": {
            "sp": {
                "energy": -3111.734187145929
            },
            "gtot": -3111.734187145929,
            "bmw": 0.17140692372606353
        },
        "CONF1": {
            "sp": {
                "energy": -3111.735674885729
            },
            "gtot": -3111.735674885729,
            "bmw": 0.8285930762739365
        }
    },
    "settings": {
        "threshold": 4.0,
        "func": "pbe-d4",
        "basis": "def2-sv(p)",
        "prog": "orca",
        "gfnv": "gfn2",
        "run": true,
        "template": false
    },
    "nconf_in": 2,
    "nconf_out": 2
}