{
   "temperature":     298.150000000000,
   "unit": "hartree",
   "energy":     -32.436435628427,
   "free energy":     -32.264750040631,
   "G(T)":       0.171685587796,
   "ZPVE":       0.208847963711,
   "number of imags":0,
   "point group": "c1",
   "gradient norm":       0.000151057964
}
