{
   "temperature":     298.150000000000,
   "unit": "hartree",
   "energy":     -17.725426568840,
   "free energy":     -17.621448806180,
   "G(T)":       0.103977762661,
   "ZPVE":       0.134033820107,
   "number of imags":0,
   "point group": "c1",
   "gradient norm":       0.000024782204
}
