{
   "temperature":     298.150000000000,
   "unit": "hartree",
   "energy":     -23.091638341915,
   "free energy":     -23.008855042421,
   "G(T)":       0.082783299494,
   "ZPVE":       0.115834658687,
   "number of imags":0,
   "point group": "cs",
   "gradient norm":       0.000052479599
}
