{
   "temperature":     298.150000000000,
   "unit": "hartree",
   "energy":     -42.382444352260,
   "free energy":     -42.223869278672,
   "G(T)":       0.158575073589,
   "ZPVE":       0.199559398630,
   "number of imags":0,
   "point group": "c1",
   "gradient norm":       0.000038798986
}
