{
   "temperature":     298.150000000000,
   "unit": "hartree",
   "energy":     -22.782024348609,
   "free energy":     -22.729319037432,
   "G(T)":       0.052705311176,
   "ZPVE":       0.086025881485,
   "number of imags":0,
   "point group": "c1",
   "gradient norm":       0.000030336898
}
