{
   "temperature":     298.150000000000,
   "unit": "hartree",
   "energy":     -26.147742410328,
   "free energy":     -26.070244040847,
   "G(T)":       0.077498369481,
   "ZPVE":       0.109767564821,
   "number of imags":0,
   "point group": "cs",
   "gradient norm":       0.000062712943
}
