{
   "temperature":     298.150000000000,
   "unit": "hartree",
   "energy":     -42.377509613783,
   "free energy":     -42.218930371329,
   "G(T)":       0.158579242454,
   "ZPVE":       0.199438806970,
   "number of imags":0,
   "point group": "c1",
   "gradient norm":       0.000037860168
}
