{
   "temperature":     298.150000000000,
   "unit": "hartree",
   "energy":     -17.725104701386,
   "free energy":     -17.621065150715,
   "G(T)":       0.104039550671,
   "ZPVE":       0.134037975203,
   "number of imags":0,
   "point group": "c1",
   "gradient norm":       0.000057761257
}
