{
   "temperature":     298.150000000000,
   "unit": "hartree",
   "energy":     -17.724321595512,
   "free energy":     -17.619571319899,
   "G(T)":       0.104750275613,
   "ZPVE":       0.134396701614,
   "number of imags":0,
   "point group": "c1",
   "gradient norm":       0.000161072591
}
