{
   "temperature":     298.150000000000,
   "unit": "hartree",
   "energy":     -18.584088696089,
   "free energy":     -18.531547790709,
   "G(T)":       0.052540905381,
   "ZPVE":       0.083539393776,
   "number of imags":0,
   "point group": "c1",
   "gradient norm":       0.000037345827
}
