{
   "temperature":     298.150000000000,
   "unit": "hartree",
   "energy":     -25.246924633673,
   "free energy":     -25.146642892716,
   "G(T)":       0.100281740957,
   "ZPVE":       0.133947562561,
   "number of imags":0,
   "point group": "cs",
   "gradient norm":       0.000136540219
}
