{
   "temperature":     298.150000000000,
   "unit": "hartree",
   "energy":     -55.057933833970,
   "free energy":     -54.987541311984,
   "G(T)":       0.070392521986,
   "ZPVE":       0.118337633042,
   "number of imags":0,
   "point group": "c1",
   "gradient norm":       0.000140648516
}
