{
   "temperature":     298.150000000000,
   "unit": "hartree",
   "energy":     -65.130007447596,
   "free energy":     -65.037007831010,
   "G(T)":       0.092999616586,
   "ZPVE":       0.140178802482,
   "number of imags":0,
   "point group": "cs",
   "gradient norm":       0.000053763821
}
