{
   "temperature":     298.150000000000,
   "unit": "hartree",
   "energy":     -25.646091834218,
   "free energy":     -25.512040842917,
   "G(T)":       0.134050991301,
   "ZPVE":       0.168539152341,
   "number of imags":0,
   "point group": "cs",
   "gradient norm":       0.000051363410
}
