{
   "temperature":     298.150000000000,
   "unit": "hartree",
   "energy":     -17.721376317040,
   "free energy":     -17.617829908079,
   "G(T)":       0.103546408961,
   "ZPVE":       0.133583140623,
   "number of imags":0,
   "point group": "cs",
   "gradient norm":       0.000031671375
}
