{
    "partname": "prescreening",
    "runtime": 17.105031964019872,
    "results": {
        "CONF2": {
            "sp": {
                "energy": -478.521867700911
            },
            "gtot": -478.521867700911,
            "bmw": 0.36539797262607665
        },
        "CONF1": {
            "sp": {
                "energy": -478.522348725454
            },
            "gtot": -478.522348725454,
            "bmw": 0.6081659589896886
        },
        "CONF3": {
            "sp": {
                "energy": -478.519388030872
            },
            "gtot": -478.519388030872,
            "bmw": 0.026436068384234863
        }
    },
    "settings": {
        "threshold": 4.0,
        "func": "pbe-d4",
        "basis": "def2-sv(p)",
        "prog": "orca",
        "gfnv": "gfn2",
        "run": true,
        "template": false
    },
    "nconf_in": 3,
    "nconf_out": 3
}