{
    "partname": "screening",
    "runtime": 48.933072549058124,
    "results": {
        "CONF2": {
            "sp": {
                "energy": -479.436966981151
            },
            "gtot": -479.436966981151,
            "bmw": 0.3430316773803317
        },
        "CONF3": {
            "sp": {
                "energy": -479.434493398841
            },
            "gtot": -479.434493398841,
            "bmw": 0.024978429085046952
        },
        "CONF1": {
            "sp": {
                "energy": -479.437543925229
            },
            "gtot": -479.437543925229,
            "bmw": 0.6319898935346214
        }
    },
    "settings": {
        "threshold": 3.5,
        "func": "r2scan-3c",
        "basis": "def2-tzvp",
        "prog": "orca",
        "sm": "smd",
        "gfnv": "gfn2",
        "run": true,
        "implicit": false,
        "template": false
    },
    "nconf_in": 3,
    "nconf_out": 3
}