{
    "partname": "prescreening",
    "runtime": 6.261517407023348,
    "results": {
        "CONF1": {
            "sp": {
                "energy": -668.835778498062
            },
            "gtot": -668.835778498062,
            "bmw": 0.9605234321938501
        },
        "CONF2": {
            "sp": {
                "energy": -668.832764879521
            },
            "gtot": -668.832764879521,
            "bmw": 0.03947656780614998
        }
    },
    "settings": {
        "threshold": 4.0,
        "func": "pbe-d4",
        "basis": "def2-sv(p)",
        "prog": "orca",
        "gfnv": "gfn2",
        "run": true,
        "template": false
    },
    "nconf_in": 2,
    "nconf_out": 2
}