{
   "temperature":     298.150000000000,
   "unit": "hartree",
   "energy":     -15.445928477467,
   "free energy":     -15.392262311103,
   "G(T)":       0.053666166363,
   "ZPVE":       0.081512735091,
   "number of imags":0,
   "point group": "c1",
   "gradient norm":       0.000084977869
}
