{
    "partname": "prescreening",
    "runtime": 18.225010427064262,
    "results": {
        "CONF2": {
            "sp": {
                "energy": -603.901127853992
            },
            "gtot": -603.901127853992,
            "bmw": 0.025544495207848333
        },
        "CONF1": {
            "sp": {
                "energy": -603.904566058685
            },
            "gtot": -603.904566058685,
            "bmw": 0.9744555047921516
        }
    },
    "settings": {
        "threshold": 4.0,
        "func": "pbe-d4",
        "basis": "def2-sv(p)",
        "prog": "orca",
        "gfnv": "gfn2",
        "run": true,
        "template": false
    },
    "nconf_in": 2,
    "nconf_out": 2
}