{
   "temperature":     298.150000000000,
   "unit": "hartree",
   "energy":     -17.711439070028,
   "free energy":     -17.620767677238,
   "G(T)":       0.090671392790,
   "ZPVE":       0.121303775012,
   "number of imags":0,
   "point group": "c1",
   "gradient norm":       0.000022078755
}
