{
   "temperature":     298.150000000000,
   "unit": "hartree",
   "energy":     -17.711975624689,
   "free energy":     -17.621229386880,
   "G(T)":       0.090746237809,
   "ZPVE":       0.121215068663,
   "number of imags":0,
   "point group": "c1",
   "gradient norm":       0.000054365073
}
