{
    "partname": "prescreening",
    "runtime": 17.819871547981165,
    "results": {
        "CONF1": {
            "sp": {
                "energy": -477.487558024966
            },
            "gtot": -477.487558024966,
            "bmw": 0.9664739618081588
        },
        "CONF2": {
            "sp": {
                "energy": -477.48438430981
            },
            "gtot": -477.48438430981,
            "bmw": 0.03352603819184131
        }
    },
    "settings": {
        "threshold": 4.0,
        "func": "pbe-d4",
        "basis": "def2-sv(p)",
        "prog": "orca",
        "gfnv": "gfn2",
        "run": true,
        "template": false
    },
    "nconf_in": 2,
    "nconf_out": 2
}