{
   "temperature":     298.150000000000,
   "unit": "hartree",
   "energy":     -33.626902234894,
   "free energy":     -33.429550801825,
   "G(T)":       0.197351433069,
   "ZPVE":       0.235817368132,
   "number of imags":0,
   "point group": "c1",
   "gradient norm":       0.000079559266
}
