{
   "temperature":     298.150000000000,
   "unit": "hartree",
   "energy":     -20.787000725833,
   "free energy":     -20.705867378563,
   "G(T)":       0.081133347270,
   "ZPVE":       0.114935929491,
   "number of imags":0,
   "point group": "c1",
   "gradient norm":       0.000051110869
}
