{
   "temperature":     298.150000000000,
   "unit": "hartree",
   "energy":     -14.076729858132,
   "free energy":     -14.013363382470,
   "G(T)":       0.063366475662,
   "ZPVE":       0.093049416264,
   "number of imags":0,
   "point group": "c1",
   "gradient norm":       0.000039904578
}
