{
   "temperature":     298.150000000000,
   "unit": "hartree",
   "energy":     -63.150379205854,
   "free energy":     -63.103779752166,
   "G(T)":       0.046599453688,
   "ZPVE":       0.098818743312,
   "number of imags":0,
   "point group": "c1",
   "gradient norm":       0.000055245217
}
