{
   "temperature":     298.150000000000,
   "unit": "hartree",
   "energy":     -30.421048678442,
   "free energy":     -30.350191384736,
   "G(T)":       0.070857293706,
   "ZPVE":       0.103827492901,
   "number of imags":0,
   "point group": "cs",
   "gradient norm":       0.000030203768
}
