{
   "temperature":     298.150000000000,
   "unit": "hartree",
   "energy":     -25.380451180616,
   "free energy":     -25.233190573259,
   "G(T)":       0.147260607357,
   "ZPVE":       0.181149845336,
   "number of imags":0,
   "point group": "cs",
   "gradient norm":       0.000049493752
}
