{
    "partname": "prescreening",
    "runtime": 7.348079690011218,
    "results": {
        "CONF6": {
            "sp": {
                "energy": -271.142882608666
            },
            "gtot": -271.142882608666,
            "bmw": 0.12030151060042683
        },
        "CONF5": {
            "sp": {
                "energy": -271.143249742457
            },
            "gtot": -271.143249742457,
            "bmw": 0.17747653261355764
        },
        "CONF7": {
            "sp": {
                "energy": -271.141085079524
            },
            "gtot": -271.141085079524,
            "bmw": 0.017925237048460604
        },
        "CONF8": {
            "sp": {
                "energy": -271.136905035155
            },
            "gtot": -271.136905035155,
            "bmw": 0.00021417934592087603
        },
        "CONF4": {
            "sp": {
                "energy": -271.143295302657
            },
            "gtot": -271.143295302657,
            "bmw": 0.18625038392539472
        },
        "CONF2": {
            "sp": {
                "energy": -271.143293731429
            },
            "gtot": -271.143293731429,
            "bmw": 0.18594070009234376
        },
        "CONF3": {
            "sp": {
                "energy": -271.142051831259
            },
            "gtot": -271.142051831259,
            "bmw": 0.04990452484784036
        },
        "CONF1": {
            "sp": {
                "energy": -271.14361746072
            },
            "gtot": -271.14361746072,
            "bmw": 0.2619869315260552
        }
    },
    "settings": {
        "threshold": 4.0,
        "func": "pbe-d4",
        "basis": "def2-sv(p)",
        "prog": "orca",
        "gfnv": "gfn2",
        "run": true,
        "template": false
    },
    "nconf_in": 8,
    "nconf_out": 7
}