{
    "partname": "screening",
    "runtime": 19.979249614989385,
    "results": {
        "CONF1": {
            "sp": {
                "energy": -271.705153652371
            },
            "gtot": -271.705153652371,
            "bmw": 0.22152418631025428
        },
        "CONF4": {
            "sp": {
                "energy": -271.705237498075
            },
            "gtot": -271.705237498075,
            "bmw": 0.2420959388646286
        },
        "CONF3": {
            "sp": {
                "energy": -271.703870926466
            },
            "gtot": -271.703870926466,
            "bmw": 0.05693876917335076
        },
        "CONF2": {
            "sp": {
                "energy": -271.704785309743
            },
            "gtot": -271.704785309743,
            "bmw": 0.14996684984808167
        },
        "CONF6": {
            "sp": {
                "energy": -271.704822095287
            },
            "gtot": -271.704822095287,
            "bmw": 0.1559248905750279
        },
        "CONF5": {
            "sp": {
                "energy": -271.704848165036
            },
            "gtot": -271.704848165036,
            "bmw": 0.16029010096173854
        },
        "CONF7": {
            "sp": {
                "energy": -271.702494986341
            },
            "gtot": -271.702494986341,
            "bmw": 0.01325926426691821
        }
    },
    "settings": {
        "threshold": 3.5,
        "func": "r2scan-3c",
        "basis": "def2-tzvp",
        "prog": "orca",
        "sm": "smd",
        "gfnv": "gfn2",
        "run": true,
        "implicit": false,
        "template": false
    },
    "nconf_in": 7,
    "nconf_out": 7
}