{
   "temperature":     298.150000000000,
   "unit": "hartree",
   "energy":     -42.382482065102,
   "free energy":     -42.223876361879,
   "G(T)":       0.158605703223,
   "ZPVE":       0.199823690871,
   "number of imags":0,
   "point group": "c1",
   "gradient norm":       0.000083114818
}
