{
   "temperature":     298.150000000000,
   "unit": "hartree",
   "energy":     -13.916502908024,
   "free energy":     -13.825313960373,
   "G(T)":       0.091188947651,
   "ZPVE":       0.119197453233,
   "number of imags":0,
   "point group": "c1",
   "gradient norm":       0.000033266779
}
