{
    "partname": "prescreening",
    "runtime": 7.740502850036137,
    "results": {
        "CONF2": {
            "sp": {
                "energy": -727.08083635182
            },
            "gtot": -727.08083635182,
            "bmw": 0.03623591818731307
        },
        "CONF11": {
            "sp": {
                "energy": -727.081056819799
            },
            "gtot": -727.081056819799,
            "bmw": 0.04576648105478872
        },
        "CONF4": {
            "sp": {
                "energy": -727.081987019128
            },
            "gtot": -727.081987019128,
            "bmw": 0.12257717146197851
        },
        "CONF1": {
            "sp": {
                "energy": -727.08163887862
            },
            "gtot": -727.08163887862,
            "bmw": 0.08477661003841398
        },
        "CONF12": {
            "sp": {
                "energy": -727.072139418429
            },
            "gtot": -727.072139418429,
            "bmw": 3.6209857491838557e-06
        },
        "CONF10": {
            "sp": {
                "energy": -727.081350825228
            },
            "gtot": -727.081350825228,
            "bmw": 0.06248570261821869
        },
        "CONF6": {
            "sp": {
                "energy": -727.081051095337
            },
            "gtot": -727.081051095337,
            "bmw": 0.04548984436131729
        },
        "CONF7": {
            "sp": {
                "energy": -727.082379611555
            },
            "gtot": -727.082379611555,
            "bmw": 0.18577600186302032
        },
        "CONF3": {
            "sp": {
                "energy": -727.082108853538
            },
            "gtot": -727.082108853538,
            "bmw": 0.1394599627998622
        },
        "CONF9": {
            "sp": {
                "energy": -727.08142529689
            },
            "gtot": -727.08142529689,
            "bmw": 0.06761378541451991
        },
        "CONF8": {
            "sp": {
                "energy": -727.082071400637
            },
            "gtot": -727.082071400637,
            "bmw": 0.1340362914156499
        },
        "CONF5": {
            "sp": {
                "energy": -727.081532937781
            },
            "gtot": -727.081532937781,
            "bmw": 0.07577860979916819
        }
    },
    "settings": {
        "threshold": 4.0,
        "func": "pbe-d4",
        "basis": "def2-sv(p)",
        "prog": "orca",
        "gfnv": "gfn2",
        "run": true,
        "template": false
    },
    "nconf_in": 12,
    "nconf_out": 11
}