{
    "partname": "screening",
    "runtime": 14.132711721002124,
    "results": {
        "CONF9": {
            "sp": {
                "energy": -727.902228826761
            },
            "gtot": -727.902228826761,
            "bmw": 0.03392563775528427
        },
        "CONF1": {
            "sp": {
                "energy": -727.903836630522
            },
            "gtot": -727.903836630522,
            "bmw": 0.18623725385070722
        },
        "CONF8": {
            "sp": {
                "energy": -727.903626149116
            },
            "gtot": -727.903626149116,
            "bmw": 0.14902248940848353
        },
        "CONF11": {
            "sp": {
                "energy": -727.9018782356
            },
            "gtot": -727.9018782356,
            "bmw": 0.023402769172880963
        },
        "CONF2": {
            "sp": {
                "energy": -727.902590714901
            },
            "gtot": -727.902590714901,
            "bmw": 0.049771994291908386
        },
        "CONF10": {
            "sp": {
                "energy": -727.902148792431
            },
            "gtot": -727.902148792431,
            "bmw": 0.03116841925303051
        },
        "CONF6": {
            "sp": {
                "energy": -727.901951615088
            },
            "gtot": -727.901951615088,
            "bmw": 0.02529411432989848
        },
        "CONF4": {
            "sp": {
                "energy": -727.903567315176
            },
            "gtot": -727.903567315176,
            "bmw": 0.14002000048431576
        },
        "CONF7": {
            "sp": {
                "energy": -727.903982273614
            },
            "gtot": -727.903982273614,
            "bmw": 0.21729900828202825
        },
        "CONF5": {
            "sp": {
                "energy": -727.902376729191
            },
            "gtot": -727.902376729191,
            "bmw": 0.039678790851964296
        },
        "CONF3": {
            "sp": {
                "energy": -727.903288148651
            },
            "gtot": -727.903288148651,
            "bmw": 0.10417952231949822
        }
    },
    "settings": {
        "threshold": 3.5,
        "func": "r2scan-3c",
        "basis": "def2-tzvp",
        "prog": "orca",
        "sm": "smd",
        "gfnv": "gfn2",
        "run": true,
        "implicit": false,
        "template": false
    },
    "nconf_in": 11,
    "nconf_out": 11
}