{
   "temperature":     298.150000000000,
   "unit": "hartree",
   "energy":     -23.262650466219,
   "free energy":     -23.204731602346,
   "G(T)":       0.057918863873,
   "ZPVE":       0.091026956801,
   "number of imags":0,
   "point group": "cs",
   "gradient norm":       0.000011026913
}
