{
    "partname": "prescreening",
    "runtime": 6.8888921700417995,
    "results": {
        "CONF2": {
            "sp": {
                "energy": -193.874975961893
            },
            "gtot": -193.874975961893,
            "bmw": 0.2762487063136054
        },
        "CONF4": {
            "sp": {
                "energy": -193.874257959547
            },
            "gtot": -193.874257959547,
            "bmw": 0.12913442541403863
        },
        "CONF7": {
            "sp": {
                "energy": -193.86838388183
            },
            "gtot": -193.86838388183,
            "bmw": 0.0002565389493176434
        },
        "CONF5": {
            "sp": {
                "energy": -193.872143837048
            },
            "gtot": -193.872143837048,
            "bmw": 0.013759827750136917
        },
        "CONF8": {
            "sp": {
                "energy": -193.868446216358
            },
            "gtot": -193.868446216358,
            "bmw": 0.0002740470995059614
        },
        "CONF1": {
            "sp": {
                "energy": -193.874701292288
            },
            "gtot": -193.874701292288,
            "bmw": 0.20651945956602336
        },
        "CONF3": {
            "sp": {
                "energy": -193.874723379976
            },
            "gtot": -193.874723379976,
            "bmw": 0.21140760836212447
        },
        "CONF6": {
            "sp": {
                "energy": -193.874474370939
            },
            "gtot": -193.874474370939,
            "bmw": 0.16239938654524766
        }
    },
    "settings": {
        "threshold": 4.0,
        "func": "pbe-d4",
        "basis": "def2-sv(p)",
        "prog": "orca",
        "gfnv": "gfn2",
        "run": true,
        "template": false
    },
    "nconf_in": 8,
    "nconf_out": 6
}