{
    "partname": "screening",
    "runtime": 7.423804571968503,
    "results": {
        "CONF4": {
            "sp": {
                "energy": -194.298656052554
            },
            "gtot": -194.298656052554,
            "bmw": 0.18113778670119196
        },
        "CONF5": {
            "sp": {
                "energy": -194.296891327793
            },
            "gtot": -194.296891327793,
            "bmw": 0.027944211170531343
        },
        "CONF1": {
            "sp": {
                "energy": -194.298782574595
            },
            "gtot": -194.298782574595,
            "bmw": 0.20711195461316903
        },
        "CONF3": {
            "sp": {
                "energy": -194.298680951572
            },
            "gtot": -194.298680951572,
            "bmw": 0.18597810249593477
        },
        "CONF2": {
            "sp": {
                "energy": -194.298790266661
            },
            "gtot": -194.298790266661,
            "bmw": 0.208806143707228
        },
        "CONF6": {
            "sp": {
                "energy": -194.298696278905
            },
            "gtot": -194.298696278905,
            "bmw": 0.18902180131194485
        }
    },
    "settings": {
        "threshold": 3.5,
        "func": "r2scan-3c",
        "basis": "def2-tzvp",
        "prog": "orca",
        "sm": "smd",
        "gfnv": "gfn2",
        "run": true,
        "implicit": false,
        "template": false
    },
    "nconf_in": 6,
    "nconf_out": 6
}