{
    "partname": "prescreening",
    "runtime": 23.28173677099403,
    "results": {
        "CONF1": {
            "sp": {
                "energy": -533.771560148363
            },
            "gtot": -533.771560148363,
            "bmw": 0.9466693707874287
        },
        "CONF2": {
            "sp": {
                "energy": -533.76884426121
            },
            "gtot": -533.76884426121,
            "bmw": 0.053330629212571125
        }
    },
    "settings": {
        "threshold": 4.0,
        "func": "pbe-d4",
        "basis": "def2-sv(p)",
        "prog": "orca",
        "gfnv": "gfn2",
        "run": true,
        "template": false
    },
    "nconf_in": 2,
    "nconf_out": 2
}