{
   "temperature":     298.150000000000,
   "unit": "hartree",
   "energy":     -26.287109025999,
   "free energy":     -26.164073813208,
   "G(T)":       0.123035212792,
   "ZPVE":       0.157073388367,
   "number of imags":0,
   "point group": "c1",
   "gradient norm":       0.000076543370
}
