{
   "temperature":     298.150000000000,
   "unit": "hartree",
   "energy":     -46.972427379490,
   "free energy":     -46.878380355484,
   "G(T)":       0.094047024006,
   "ZPVE":       0.137507781922,
   "number of imags":0,
   "point group": "d2d",
   "gradient norm":       0.000018450269
}
