{
   "temperature":     298.150000000000,
   "unit": "hartree",
   "energy":     -15.773915317134,
   "free energy":     -15.670503072186,
   "G(T)":       0.103412244948,
   "ZPVE":       0.134664142683,
   "number of imags":0,
   "point group": "c1",
   "gradient norm":       0.000026287559
}
