{
   "temperature":     298.150000000000,
   "unit": "hartree",
   "energy":     -17.789219277917,
   "free energy":     -17.743239348261,
   "G(T)":       0.045979929655,
   "ZPVE":       0.077068273277,
   "number of imags":0,
   "point group": "c1",
   "gradient norm":       0.000073203075
}
