{
   "temperature":     298.150000000000,
   "unit": "hartree",
   "energy":     -32.435682531243,
   "free energy":     -32.263741941385,
   "G(T)":       0.171940589858,
   "ZPVE":       0.208801978324,
   "number of imags":0,
   "point group": "c1",
   "gradient norm":       0.000049076852
}
