{
   "temperature":     298.150000000000,
   "unit": "hartree",
   "energy":     -15.636171877056,
   "free energy":     -15.578070294939,
   "G(T)":       0.058101582117,
   "ZPVE":       0.087036046392,
   "number of imags":0,
   "point group": "cs",
   "gradient norm":       0.000008987805
}
