{
   "temperature":     298.150000000000,
   "unit": "hartree",
   "energy":     -32.437435493605,
   "free energy":     -32.265589170189,
   "G(T)":       0.171846323417,
   "ZPVE":       0.208843587378,
   "number of imags":0,
   "point group": "c1",
   "gradient norm":       0.000042136212
}
