{
   "temperature":     298.150000000000,
   "unit": "hartree",
   "energy":     -22.487027964687,
   "free energy":     -22.378088272169,
   "G(T)":       0.108939692518,
   "ZPVE":       0.141286109269,
   "number of imags":0,
   "point group": "c1",
   "gradient norm":       0.000018153955
}
