{
   "temperature":     298.150000000000,
   "unit": "hartree",
   "energy":     -26.287025756399,
   "free energy":     -26.163341060213,
   "G(T)":       0.123684696186,
   "ZPVE":       0.157201751543,
   "number of imags":0,
   "point group": "cs",
   "gradient norm":       0.000036336111
}
