{
   "temperature":     298.150000000000,
   "unit": "hartree",
   "energy":     -31.807645683682,
   "free energy":     -31.644105594810,
   "G(T)":       0.163540088872,
   "ZPVE":       0.198906107765,
   "number of imags":0,
   "point group": "c1",
   "gradient norm":       0.000148105296
}
