{
   "temperature":     298.150000000000,
   "unit": "hartree",
   "energy":     -30.357256889678,
   "free energy":     -30.233295432343,
   "G(T)":       0.123961457334,
   "ZPVE":       0.159948097163,
   "number of imags":0,
   "point group": "cs",
   "gradient norm":       0.000020895349
}
