{
   "temperature":     298.150000000000,
   "unit": "hartree",
   "energy":     -35.706463016250,
   "free energy":     -35.460853525304,
   "G(T)":       0.245609490946,
   "ZPVE":       0.283044049324,
   "number of imags":0,
   "point group": "c1",
   "gradient norm":       0.000061286043
}
