{
   "temperature":     298.150000000000,
   "unit": "hartree",
   "energy":     -14.621179716561,
   "free energy":     -14.572545944307,
   "G(T)":       0.048633772254,
   "ZPVE":       0.077395848521,
   "number of imags":0,
   "point group": "cs",
   "gradient norm":       0.000079021615
}
