{
   "temperature":     298.150000000000,
   "unit": "hartree",
   "energy":     -28.551114659700,
   "free energy":     -28.381642495103,
   "G(T)":       0.169472164597,
   "ZPVE":       0.208250645844,
   "number of imags":0,
   "point group": "c1",
   "gradient norm":       0.000041186216
}
