{
   "temperature":     298.150000000000,
   "unit": "hartree",
   "energy":     -23.113195099124,
   "free energy":     -23.015519206653,
   "G(T)":       0.097675892471,
   "ZPVE":       0.128900415288,
   "number of imags":0,
   "point group": "cs",
   "gradient norm":       0.000015343080
}
