{
   "temperature":     298.150000000000,
   "unit": "hartree",
   "energy":     -14.076729834979,
   "free energy":     -14.013366214478,
   "G(T)":       0.063363620501,
   "ZPVE":       0.093048199019,
   "number of imags":0,
   "point group": "c1",
   "gradient norm":       0.000072852914
}
