{
   "temperature":     298.150000000000,
   "unit": "hartree",
   "energy":     -16.830660422572,
   "free energy":     -16.701996870314,
   "G(T)":       0.128663552258,
   "ZPVE":       0.158808663436,
   "number of imags":0,
   "point group": "c1",
   "gradient norm":       0.000020567822
}
