{
   "temperature":     298.150000000000,
   "unit": "hartree",
   "energy":     -43.363594294367,
   "free energy":     -43.209969900410,
   "G(T)":       0.153624393957,
   "ZPVE":       0.189542231016,
   "number of imags":0,
   "point group": "c1",
   "gradient norm":       0.000045165695
}
