{
   "temperature":     298.150000000000,
   "unit": "hartree",
   "energy":     -22.495160385468,
   "free energy":     -22.389223323602,
   "G(T)":       0.105937061866,
   "ZPVE":       0.139948140447,
   "number of imags":0,
   "point group": "c1",
   "gradient norm":       0.000050072591
}
