{
   "temperature":     298.150000000000,
   "unit": "hartree",
   "energy":     -43.358231007031,
   "free energy":     -43.208631308194,
   "G(T)":       0.149599698838,
   "ZPVE":       0.188089150122,
   "number of imags":0,
   "point group": "c1",
   "gradient norm":       0.000074852814
}
