{
   "temperature":     298.150000000000,
   "unit": "hartree",
   "energy":     -22.131129399816,
   "free energy":     -22.079120610481,
   "G(T)":       0.052008789334,
   "ZPVE":       0.085785665918,
   "number of imags":0,
   "point group": "c1",
   "gradient norm":       0.000096381299
}
