{
   "temperature":     298.150000000000,
   "unit": "hartree",
   "energy":     -15.450815335676,
   "free energy":     -15.396231415983,
   "G(T)":       0.054583919694,
   "ZPVE":       0.082063290706,
   "number of imags":0,
   "point group": "c1",
   "gradient norm":       0.000050185905
}
