{
   "temperature":     298.150000000000,
   "unit": "hartree",
   "energy":     -33.633100889897,
   "free energy":     -33.435192458495,
   "G(T)":       0.197908431403,
   "ZPVE":       0.236167266133,
   "number of imags":0,
   "point group": "c1",
   "gradient norm":       0.000035734763
}
