{
   "temperature":     298.150000000000,
   "unit": "hartree",
   "energy":     -22.220810480642,
   "free energy":     -22.099287759893,
   "G(T)":       0.121522720749,
   "ZPVE":       0.152543494671,
   "number of imags":0,
   "point group": "c2v",
   "gradient norm":       0.000042117065
}
