{
    "partname": "prescreening",
    "runtime": 12.713339901994914,
    "results": {
        "CONF1": {
            "sp": {
                "energy": -230.722111059173
            },
            "gtot": -230.722111059173,
            "bmw": 0.8918647553566413
        },
        "CONF2": {
            "sp": {
                "energy": -230.720118895773
            },
            "gtot": -230.720118895773,
            "bmw": 0.10813524464335862
        }
    },
    "settings": {
        "threshold": 4.0,
        "func": "pbe-d4",
        "basis": "def2-sv(p)",
        "prog": "orca",
        "gfnv": "gfn2",
        "run": true,
        "template": false
    },
    "nconf_in": 2,
    "nconf_out": 2
}