{
    "partname": "prescreening",
    "runtime": 11.015637982985936,
    "results": {
        "CONF2": {
            "sp": {
                "energy": -194.823425492869
            },
            "gtot": -194.823425492869,
            "bmw": 0.0020624823530768555
        },
        "CONF3": {
            "sp": {
                "energy": -194.820511090731
            },
            "gtot": -194.820511090731,
            "bmw": 9.415817897894827e-05
        },
        "CONF1": {
            "sp": {
                "energy": -194.82926214062
            },
            "gtot": -194.82926214062,
            "bmw": 0.9978433594679443
        }
    },
    "settings": {
        "threshold": 4.0,
        "func": "pbe-d4",
        "basis": "def2-sv(p)",
        "prog": "orca",
        "gfnv": "gfn2",
        "run": true,
        "template": false
    },
    "nconf_in": 3,
    "nconf_out": 2
}