{
   "temperature":     298.150000000000,
   "unit": "hartree",
   "energy":     -19.994703640429,
   "free energy":     -19.839230853282,
   "G(T)":       0.155472787147,
   "ZPVE":       0.186846017169,
   "number of imags":0,
   "point group": "c2h",
   "gradient norm":       0.000025679564
}
