{
   "temperature":     298.150000000000,
   "unit": "hartree",
   "energy":     -21.651978886598,
   "free energy":     -21.608408129668,
   "G(T)":       0.043570756930,
   "ZPVE":       0.077421343777,
   "number of imags":0,
   "point group": "c1",
   "gradient norm":       0.000039154189
}
