{
   "temperature":     298.150000000000,
   "unit": "hartree",
   "energy":     -17.248688593300,
   "free energy":     -17.159824055461,
   "G(T)":       0.088864537839,
   "ZPVE":       0.120683992849,
   "number of imags":0,
   "point group": "c1",
   "gradient norm":       0.000121869876
}
