{
   "temperature":     298.150000000000,
   "unit": "hartree",
   "energy":     -26.319470609958,
   "free energy":     -26.110756486580,
   "G(T)":       0.208714123378,
   "ZPVE":       0.243301414070,
   "number of imags":0,
   "point group": "c1",
   "gradient norm":       0.000028556841
}
