{
   "temperature":     298.150000000000,
   "unit": "hartree",
   "energy":     -19.498706305680,
   "free energy":     -19.383319564499,
   "G(T)":       0.115386741181,
   "ZPVE":       0.143938085187,
   "number of imags":0,
   "point group": "cs",
   "gradient norm":       0.000050383322
}
