{
   "temperature":     298.150000000000,
   "unit": "hartree",
   "energy":     -32.435683265899,
   "free energy":     -32.263748394866,
   "G(T)":       0.171934871033,
   "ZPVE":       0.208801828420,
   "number of imags":0,
   "point group": "c1",
   "gradient norm":       0.000053953646
}
