{
    "partname": "prescreening",
    "runtime": 3.3771207090467215,
    "results": {
        "CONF1": {
            "sp": {
                "energy": -2652.461824501756
            },
            "gtot": -2652.461824501756,
            "bmw": 0.9984072172550765
        },
        "CONF2": {
            "sp": {
                "energy": -2652.455743317428
            },
            "gtot": -2652.455743317428,
            "bmw": 0.0015927827449235543
        }
    },
    "settings": {
        "threshold": 4.0,
        "func": "pbe-d4",
        "basis": "def2-sv(p)",
        "prog": "orca",
        "gfnv": "gfn2",
        "run": true,
        "template": false
    },
    "nconf_in": 2,
    "nconf_out": 2
}