{
   "temperature":     298.150000000000,
   "unit": "hartree",
   "energy":     -23.046806839157,
   "free energy":     -22.909843836020,
   "G(T)":       0.136963003137,
   "ZPVE":       0.169685746996,
   "number of imags":0,
   "point group": "c1",
   "gradient norm":       0.000048526849
}
