{
   "temperature":     298.150000000000,
   "unit": "hartree",
   "energy":     -14.721880314535,
   "free energy":     -14.640548412433,
   "G(T)":       0.081331902102,
   "ZPVE":       0.110574486071,
   "number of imags":0,
   "point group": "c1",
   "gradient norm":       0.000068733726
}
