{
   "temperature":     298.150000000000,
   "unit": "hartree",
   "energy":     -70.262992962254,
   "free energy":     -70.229015504025,
   "G(T)":       0.033977458229,
   "ZPVE":       0.085414190932,
   "number of imags":0,
   "point group": "d2h",
   "gradient norm":       0.000015812982
}
