{
   "temperature":     298.150000000000,
   "unit": "hartree",
   "energy":     -24.327863427483,
   "free energy":     -24.203758815196,
   "G(T)":       0.124104612287,
   "ZPVE":       0.157288635552,
   "number of imags":0,
   "point group": "c1",
   "gradient norm":       0.000041047367
}
