{
    "partname": "prescreening",
    "runtime": 38.43163223506417,
    "results": {
        "CONF1": {
            "sp": {
                "energy": -314.873095537589
            },
            "gtot": -314.873095537589,
            "bmw": 0.37406270885679044
        },
        "CONF5": {
            "sp": {
                "energy": -314.868851059483
            },
            "gtot": -314.868851059483,
            "bmw": 0.004174645742080801
        },
        "CONF6": {
            "sp": {
                "energy": -314.868730199294
            },
            "gtot": -314.868730199294,
            "bmw": 0.0036730580203157455
        },
        "CONF3": {
            "sp": {
                "energy": -314.872394679944
            },
            "gtot": -314.872394679944,
            "bmw": 0.17806239593413276
        },
        "CONF2": {
            "sp": {
                "energy": -314.872765213324
            },
            "gtot": -314.872765213324,
            "bmw": 0.2636366412095199
        },
        "CONF4": {
            "sp": {
                "energy": -314.872385773028
            },
            "gtot": -314.872385773028,
            "bmw": 0.17639055023716044
        }
    },
    "settings": {
        "threshold": 4.0,
        "func": "pbe-d4",
        "basis": "def2-sv(p)",
        "prog": "orca",
        "gfnv": "gfn2",
        "run": true,
        "template": false
    },
    "nconf_in": 6,
    "nconf_out": 6
}