{
    "partname": "screening",
    "runtime": 27.81695722299628,
    "results": {
        "CONF4": {
            "sp": {
                "energy": -315.586350350431
            },
            "gtot": -315.586350350431,
            "bmw": 0.09047390608778585
        },
        "CONF3": {
            "sp": {
                "energy": -315.58673463274
            },
            "gtot": -315.58673463274,
            "bmw": 0.13591924942683228
        },
        "CONF2": {
            "sp": {
                "energy": -315.587604065867
            },
            "gtot": -315.587604065867,
            "bmw": 0.34134419681728073
        },
        "CONF6": {
            "sp": {
                "energy": -315.581542405482
            },
            "gtot": -315.581542405482,
            "bmw": 0.0005559320935920073
        },
        "CONF1": {
            "sp": {
                "energy": -315.587822926349
            },
            "gtot": -315.587822926349,
            "bmw": 0.4303892122465358
        },
        "CONF5": {
            "sp": {
                "energy": -315.582357092251
            },
            "gtot": -315.582357092251,
            "bmw": 0.0013175033279732783
        }
    },
    "settings": {
        "threshold": 3.5,
        "func": "r2scan-3c",
        "basis": "def2-tzvp",
        "prog": "orca",
        "sm": "smd",
        "gfnv": "gfn2",
        "run": true,
        "implicit": false,
        "template": false
    },
    "nconf_in": 6,
    "nconf_out": 6
}