{
   "temperature":     298.150000000000,
   "unit": "hartree",
   "energy":     -15.773916093434,
   "free energy":     -15.670487512267,
   "G(T)":       0.103428581167,
   "ZPVE":       0.134676878847,
   "number of imags":0,
   "point group": "c1",
   "gradient norm":       0.000069998545
}
