{
   "temperature":     298.150000000000,
   "unit": "hartree",
   "energy":     -15.773914893280,
   "free energy":     -15.670507716914,
   "G(T)":       0.103407176366,
   "ZPVE":       0.134661846635,
   "number of imags":0,
   "point group": "c1",
   "gradient norm":       0.000033331442
}
