{
   "temperature":     298.150000000000,
   "unit": "hartree",
   "energy":     -43.362906267397,
   "free energy":     -43.210310219907,
   "G(T)":       0.152596047490,
   "ZPVE":       0.189124389499,
   "number of imags":0,
   "point group": "c1",
   "gradient norm":       0.000099680437
}
