{
   "temperature":     298.150000000000,
   "unit": "hartree",
   "energy":     -48.519923002651,
   "free energy":     -48.316029674158,
   "G(T)":       0.203893328493,
   "ZPVE":       0.248150517104,
   "number of imags":0,
   "point group": "c1",
   "gradient norm":       0.000025063882
}
