{
   "temperature":     298.150000000000,
   "unit": "hartree",
   "energy":     -33.629135028162,
   "free energy":     -33.430205949827,
   "G(T)":       0.198929078334,
   "ZPVE":       0.236229488268,
   "number of imags":0,
   "point group": "c1",
   "gradient norm":       0.000036348528
}
