{
   "temperature":     298.150000000000,
   "unit": "hartree",
   "energy":     -43.363197099724,
   "free energy":     -43.209440996365,
   "G(T)":       0.153756103359,
   "ZPVE":       0.189705752141,
   "number of imags":0,
   "point group": "c1",
   "gradient norm":       0.000088368215
}
