{
   "temperature":     298.150000000000,
   "unit": "hartree",
   "energy":     -46.959304323249,
   "free energy":     -46.865382387154,
   "G(T)":       0.093921936095,
   "ZPVE":       0.137501056963,
   "number of imags":0,
   "point group": "c1",
   "gradient norm":       0.000072197129
}
