{
   "temperature":     298.150000000000,
   "unit": "hartree",
   "energy":     -22.901980445511,
   "free energy":     -22.813618374045,
   "G(T)":       0.088362071466,
   "ZPVE":       0.121213797225,
   "number of imags":0,
   "point group": "cs",
   "gradient norm":       0.000072053315
}
