{
   "temperature":     298.150000000000,
   "unit": "hartree",
   "energy":     -26.146721187406,
   "free energy":     -26.069304049654,
   "G(T)":       0.077417137752,
   "ZPVE":       0.109731592526,
   "number of imags":0,
   "point group": "cs",
   "gradient norm":       0.000084006373
}
