{
   "temperature":     298.150000000000,
   "unit": "hartree",
   "energy":     -15.773915919093,
   "free energy":     -15.670507018044,
   "G(T)":       0.103408901049,
   "ZPVE":       0.134669681738,
   "number of imags":0,
   "point group": "c1",
   "gradient norm":       0.000034764811
}
