{
   "temperature":     298.150000000000,
   "unit": "hartree",
   "energy":     -43.359311665860,
   "free energy":     -43.209632366013,
   "G(T)":       0.149679299847,
   "ZPVE":       0.188280617723,
   "number of imags":0,
   "point group": "c1",
   "gradient norm":       0.000088582586
}
