{
   "temperature":     298.150000000000,
   "unit": "hartree",
   "energy":     -17.243862883477,
   "free energy":     -17.154385990399,
   "G(T)":       0.089476893078,
   "ZPVE":       0.120897626188,
   "number of imags":0,
   "point group": "cs",
   "gradient norm":       0.000065626815
}
