{
   "temperature":     298.150000000000,
   "unit": "hartree",
   "energy":     -34.681420235693,
   "free energy":     -34.458734329727,
   "G(T)":       0.222685905966,
   "ZPVE":       0.260274833902,
   "number of imags":0,
   "point group": "c1",
   "gradient norm":       0.000037718580
}
