{
   "temperature":     298.150000000000,
   "unit": "hartree",
   "energy":     -26.550089358346,
   "free energy":     -26.438147226439,
   "G(T)":       0.111942131907,
   "ZPVE":       0.144762456266,
   "number of imags":0,
   "point group": "c1",
   "gradient norm":       0.000061666690
}
