{
   "temperature":     298.150000000000,
   "unit": "hartree",
   "energy":     -26.285368006854,
   "free energy":     -26.161210262589,
   "G(T)":       0.124157744264,
   "ZPVE":       0.157209507408,
   "number of imags":0,
   "point group": "cs",
   "gradient norm":       0.000033566835
}
