{
    "partname": "prescreening",
    "runtime": 4.320516941952519,
    "results": {
        "CONF3": {
            "sp": {
                "energy": -1037.364392917853
            },
            "gtot": -1037.364392917853,
            "bmw": 0.12791736350176827
        },
        "CONF2": {
            "sp": {
                "energy": -1037.363953421058
            },
            "gtot": -1037.363953421058,
            "bmw": 0.08031098774209508
        },
        "CONF1": {
            "sp": {
                "energy": -1037.366113933727
            },
            "gtot": -1037.366113933727,
            "bmw": 0.7916660220870104
        },
        "CONF4": {
            "sp": {
                "energy": -1037.357689941041
            },
            "gtot": -1037.357689941041,
            "bmw": 0.00010562666912624083
        }
    },
    "settings": {
        "threshold": 4.0,
        "func": "pbe-d4",
        "basis": "def2-sv(p)",
        "prog": "orca",
        "gfnv": "gfn2",
        "run": true,
        "template": false
    },
    "nconf_in": 4,
    "nconf_out": 3
}