{
    "partname": "screening",
    "runtime": 7.23039207898546,
    "results": {
        "CONF2": {
            "sp": {
                "energy": -1038.250642795434
            },
            "gtot": -1038.250642795434,
            "bmw": 0.055365845608315596
        },
        "CONF1": {
            "sp": {
                "energy": -1038.253276813063
            },
            "gtot": -1038.253276813063,
            "bmw": 0.901168870157938
        },
        "CONF3": {
            "sp": {
                "energy": -1038.250414302633
            },
            "gtot": -1038.250414302633,
            "bmw": 0.043465284233746446
        }
    },
    "settings": {
        "threshold": 3.5,
        "func": "r2scan-3c",
        "basis": "def2-tzvp",
        "prog": "orca",
        "sm": "smd",
        "gfnv": "gfn2",
        "run": true,
        "implicit": false,
        "template": false
    },
    "nconf_in": 3,
    "nconf_out": 3
}