{
   "temperature":     298.150000000000,
   "unit": "hartree",
   "energy":     -55.057896637227,
   "free energy":     -54.987516889386,
   "G(T)":       0.070379747841,
   "ZPVE":       0.118321095843,
   "number of imags":0,
   "point group": "c1",
   "gradient norm":       0.000038313700
}
