{
   "temperature":     298.150000000000,
   "unit": "hartree",
   "energy":     -15.773916107538,
   "free energy":     -15.670491306478,
   "G(T)":       0.103424801060,
   "ZPVE":       0.134668748821,
   "number of imags":0,
   "point group": "c1",
   "gradient norm":       0.000051834428
}
