{
   "temperature":     298.150000000000,
   "unit": "hartree",
   "energy":     -25.383951401706,
   "free energy":     -25.236601533834,
   "G(T)":       0.147349867872,
   "ZPVE":       0.181031741737,
   "number of imags":0,
   "point group": "c1",
   "gradient norm":       0.000047499741
}
