{
   "temperature":     298.150000000000,
   "unit": "hartree",
   "energy":     -14.558412466514,
   "free energy":     -14.479675166298,
   "G(T)":       0.078737300216,
   "ZPVE":       0.106479677766,
   "number of imags":0,
   "point group": "c1",
   "gradient norm":       0.000012961429
}
