{
   "temperature":     298.150000000000,
   "unit": "hartree",
   "energy":     -28.349415396490,
   "free energy":     -28.179980419697,
   "G(T)":       0.169434976793,
   "ZPVE":       0.204326227054,
   "number of imags":0,
   "point group": "c1",
   "gradient norm":       0.000066271972
}
