{
   "temperature":     298.150000000000,
   "unit": "hartree",
   "energy":     -43.363503214561,
   "free energy":     -43.213726781872,
   "G(T)":       0.149776432689,
   "ZPVE":       0.188155393130,
   "number of imags":0,
   "point group": "c1",
   "gradient norm":       0.000100681000
}
