{
   "temperature":     298.150000000000,
   "unit": "hartree",
   "energy":     -22.494465277255,
   "free energy":     -22.385702671887,
   "G(T)":       0.108762605368,
   "ZPVE":       0.140470204024,
   "number of imags":0,
   "point group": "cs",
   "gradient norm":       0.000141568174
}
