{
   "temperature":     298.150000000000,
   "unit": "hartree",
   "energy":     -34.677500920398,
   "free energy":     -34.455331134286,
   "G(T)":       0.222169786111,
   "ZPVE":       0.260411204966,
   "number of imags":0,
   "point group": "c1",
   "gradient norm":       0.000032433350
}
