{
   "temperature":     298.150000000000,
   "unit": "hartree",
   "energy":     -20.787810201745,
   "free energy":     -20.705591861017,
   "G(T)":       0.082218340729,
   "ZPVE":       0.115159813465,
   "number of imags":0,
   "point group": "c1",
   "gradient norm":       0.000041335058
}
