{
    "partname": "prescreening",
    "runtime": 6.855264200014062,
    "results": {
        "CONF4": {
            "sp": {
                "energy": -2730.882380289029
            },
            "gtot": -2730.882380289029,
            "bmw": 0.0013388589710698192
        },
        "CONF3": {
            "sp": {
                "energy": -2730.882839088707
            },
            "gtot": -2730.882839088707,
            "bmw": 0.002176547136975414
        },
        "CONF2": {
            "sp": {
                "energy": -2730.887581938519
            },
            "gtot": -2730.887581938519,
            "bmw": 0.33061913175699525
        },
        "CONF1": {
            "sp": {
                "energy": -2730.88824298103
            },
            "gtot": -2730.88824298103,
            "bmw": 0.6658654621349593
        }
    },
    "settings": {
        "threshold": 4.0,
        "func": "pbe-d4",
        "basis": "def2-sv(p)",
        "prog": "orca",
        "gfnv": "gfn2",
        "run": true,
        "template": false
    },
    "nconf_in": 4,
    "nconf_out": 4
}