{
    "partname": "screening",
    "runtime": 13.438798935036175,
    "results": {
        "CONF3": {
            "sp": {
                "energy": -2731.928785915681
            },
            "gtot": -2731.928785915681,
            "bmw": 0.0022314103545883644
        },
        "CONF1": {
            "sp": {
                "energy": -2731.933986709995
            },
            "gtot": -2731.933986709995,
            "bmw": 0.5505277796718792
        },
        "CONF2": {
            "sp": {
                "energy": -2731.933786365353
            },
            "gtot": -2731.933786365353,
            "bmw": 0.44527373847343593
        },
        "CONF4": {
            "sp": {
                "energy": -2731.928666865489
            },
            "gtot": -2731.928666865489,
            "bmw": 0.001967071500096585
        }
    },
    "settings": {
        "threshold": 3.5,
        "func": "r2scan-3c",
        "basis": "def2-tzvp",
        "prog": "orca",
        "sm": "smd",
        "gfnv": "gfn2",
        "run": true,
        "implicit": false,
        "template": false
    },
    "nconf_in": 4,
    "nconf_out": 4
}