{
   "temperature":     298.150000000000,
   "unit": "hartree",
   "energy":     -17.789371848622,
   "free energy":     -17.741796840436,
   "G(T)":       0.047575008187,
   "ZPVE":       0.076897618768,
   "number of imags":0,
   "point group": "cs",
   "gradient norm":       0.000012694087
}
