{
   "temperature":     298.150000000000,
   "unit": "hartree",
   "energy":     -15.773913797996,
   "free energy":     -15.670495259763,
   "G(T)":       0.103418538233,
   "ZPVE":       0.134657418373,
   "number of imags":0,
   "point group": "c1",
   "gradient norm":       0.000029220913
}
