{
   "temperature":     298.150000000000,
   "unit": "hartree",
   "energy":     -22.494465304052,
   "free energy":     -22.385702219638,
   "G(T)":       0.108763084414,
   "ZPVE":       0.140470450977,
   "number of imags":0,
   "point group": "cs",
   "gradient norm":       0.000031198817
}
