{
   "temperature":     298.150000000000,
   "unit": "hartree",
   "energy":     -29.783686154078,
   "free energy":     -29.702105304806,
   "G(T)":       0.081580849272,
   "ZPVE":       0.115430115046,
   "number of imags":0,
   "point group": "cs",
   "gradient norm":       0.000079777670
}
