{
   "temperature":     298.150000000000,
   "unit": "hartree",
   "energy":     -22.753012036715,
   "free energy":     -22.656208090034,
   "G(T)":       0.096803946681,
   "ZPVE":       0.129266475490,
   "number of imags":0,
   "point group": "c1",
   "gradient norm":       0.000099058915
}
