{
   "temperature":     298.150000000000,
   "unit": "hartree",
   "energy":     -15.448804469272,
   "free energy":     -15.394762933289,
   "G(T)":       0.054041535983,
   "ZPVE":       0.081756549134,
   "number of imags":0,
   "point group": "c1",
   "gradient norm":       0.000098825869
}
