{
   "temperature":     298.150000000000,
   "unit": "hartree",
   "energy":     -35.703970603382,
   "free energy":     -35.458691753313,
   "G(T)":       0.245278850069,
   "ZPVE":       0.283097667385,
   "number of imags":0,
   "point group": "c1",
   "gradient norm":       0.000027979061
}
