{
   "temperature":     298.150000000000,
   "unit": "hartree",
   "energy":     -21.652799826589,
   "free energy":     -21.609426449227,
   "G(T)":       0.043373377362,
   "ZPVE":       0.077550282250,
   "number of imags":0,
   "point group": "c1",
   "gradient norm":       0.000031916962
}
