{
    "partname": "prescreening",
    "runtime": 47.994341607089154,
    "results": {
        "CONF27": {
            "sp": {
                "energy": -464.820665495682
            },
            "gtot": -464.820665495682,
            "bmw": 2.2428814804859173e-06
        },
        "CONF13": {
            "sp": {
                "energy": -464.824585979199
            },
            "gtot": -464.824585979199,
            "bmw": 0.00014259487505192492
        },
        "CONF12": {
            "sp": {
                "energy": -464.824601099524
            },
            "gtot": -464.824601099524,
            "bmw": 0.0001448967969069384
        },
        "CONF3": {
            "sp": {
                "energy": -464.830897493038
            },
            "gtot": -464.830897493038,
            "bmw": 0.11407732481629386
        },
        "CONF9": {
            "sp": {
                "energy": -464.824044300849
            },
            "gtot": -464.824044300849,
            "bmw": 8.03431995124894e-05
        },
        "CONF23": {
            "sp": {
                "energy": -464.821955745561
            },
            "gtot": -464.821955745561,
            "bmw": 8.795898081763766e-06
        },
        "CONF10": {
            "sp": {
                "energy": -464.825808424745
            },
            "gtot": -464.825808424745,
            "bmw": 0.0005204631024652183
        },
        "CONF24": {
            "sp": {
                "energy": -464.823663410913
            },
            "gtot": -464.823663410913,
            "bmw": 5.367250676839104e-05
        },
        "CONF4": {
            "sp": {
                "energy": -464.82797165472
            },
            "gtot": -464.82797165472,
            "bmw": 0.005145254471865134
        },
        "CONF26": {
            "sp": {
                "energy": -464.820850289669
            },
            "gtot": -464.820850289669,
            "bmw": 2.727756976895366e-06
        },
        "CONF2": {
            "sp": {
                "energy": -464.832146882929
            },
            "gtot": -464.832146882929,
            "bmw": 0.42842903751610734
        },
        "CONF21": {
            "sp": {
                "energy": -464.822565591843
            },
            "gtot": -464.822565591843,
            "bmw": 1.677992676770056e-05
        },
        "CONF30": {
            "sp": {
                "energy": -464.819783359287
            },
            "gtot": -464.819783359287,
            "bmw": 8.811537015404256e-07
        },
        "CONF1": {
            "sp": {
                "energy": -464.832192349292
            },
            "gtot": -464.832192349292,
            "bmw": 0.4495644667080827
        },
        "CONF16": {
            "sp": {
                "energy": -464.823944368762
            },
            "gtot": -464.823944368762,
            "bmw": 7.227424181407983e-05
        },
        "CONF15": {
            "sp": {
                "energy": -464.822891434589
            },
            "gtot": -464.822891434589,
            "bmw": 2.369558033781768e-05
        },
        "CONF25": {
            "sp": {
                "energy": -464.822038524333
            },
            "gtot": -464.822038524333,
            "bmw": 9.60186925430987e-06
        },
        "CONF7": {
            "sp": {
                "energy": -464.825607467327
            },
            "gtot": -464.825607467327,
            "bmw": 0.0004206839395810403
        },
        "CONF5": {
            "sp": {
                "energy": -464.824301625646
            },
            "gtot": -464.824301625646,
            "bmw": 0.00010551406048030388
        },
        "CONF31": {
            "sp": {
                "energy": -464.820030963348
            },
            "gtot": -464.820030963348,
            "bmw": 1.145359057178262e-06
        },
        "CONF8": {
            "sp": {
                "energy": -464.825611042659
            },
            "gtot": -464.825611042659,
            "bmw": 0.0004222799594419174
        },
        "CONF6": {
            "sp": {
                "energy": -464.824723396046
            },
            "gtot": -464.824723396046,
            "bmw": 0.00016493441762542132
        },
        "CONF18": {
            "sp": {
                "energy": -464.822223304574
            },
            "gtot": -464.822223304574,
            "bmw": 1.1677471488323102e-05
        },
        "CONF32": {
            "sp": {
                "energy": -464.819391277016
            },
            "gtot": -464.819391277016,
            "bmw": 5.817097043332091e-07
        },
        "CONF22": {
            "sp": {
                "energy": -464.823296263728
            },
            "gtot": -464.823296263728,
            "bmw": 3.638110318795492e-05
        },
        "CONF28": {
            "sp": {
                "energy": -464.822065190264
            },
            "gtot": -464.822065190264,
            "bmw": 9.876913885505249e-06
        },
        "CONF17": {
            "sp": {
                "energy": -464.823728677127
            },
            "gtot": -464.823728677127,
            "bmw": 5.7513826085735295e-05
        },
        "CONF20": {
            "sp": {
                "energy": -464.8223966411
            },
            "gtot": -464.8223966411,
            "bmw": 1.4030659934617955e-05
        },
        "CONF11": {
            "sp": {
                "energy": -464.824627334742
            },
            "gtot": -464.824627334742,
            "bmw": 0.00014897937569728216
        },
        "CONF14": {
            "sp": {
                "energy": -464.824414809835
            },
            "gtot": -464.824414809835,
            "bmw": 0.00011895192084772952
        },
        "CONF29": {
            "sp": {
                "energy": -464.824211312489
            },
            "gtot": -464.824211312489,
            "bmw": 9.588908169971114e-05
        },
        "CONF19": {
            "sp": {
                "energy": -464.824146976383
            },
            "gtot": -464.824146976383,
            "bmw": 8.957289259718783e-05
        },
        "CONF35": {
            "sp": {
                "energy": -464.821255375235
            },
            "gtot": -464.821255375235,
            "bmw": 4.189210061567136e-06
        },
        "CONF34": {
            "sp": {
                "energy": -464.820389137364
            },
            "gtot": -464.820389137364,
            "bmw": 1.6737488736153287e-06
        },
        "CONF33": {
            "sp": {
                "energy": -464.819967627213
            },
            "gtot": -464.819967627213,
            "bmw": 1.0710482819947431e-06
        }
    },
    "settings": {
        "threshold": 4.0,
        "func": "pbe-d4",
        "basis": "def2-sv(p)",
        "prog": "orca",
        "gfnv": "gfn2",
        "run": true,
        "template": false
    },
    "nconf_in": 35,
    "nconf_out": 4
}