{
    "partname": "screening",
    "runtime": 49.149548921966925,
    "results": {
        "CONF1": {
            "sp": {
                "energy": -465.783186473953
            },
            "gtot": -465.783186473953,
            "bmw": 0.4232266624330477
        },
        "CONF3": {
            "sp": {
                "energy": -465.781572212145
            },
            "gtot": -465.781572212145,
            "bmw": 0.07657094113057318
        },
        "CONF2": {
            "sp": {
                "energy": -465.783333598042
            },
            "gtot": -465.783333598042,
            "bmw": 0.4945900967717529
        },
        "CONF4": {
            "sp": {
                "energy": -465.779104817159
            },
            "gtot": -465.779104817159,
            "bmw": 0.005612299664626139
        }
    },
    "settings": {
        "threshold": 3.5,
        "func": "r2scan-3c",
        "basis": "def2-tzvp",
        "prog": "orca",
        "sm": "smd",
        "gfnv": "gfn2",
        "run": true,
        "implicit": false,
        "template": false
    },
    "nconf_in": 4,
    "nconf_out": 4
}