{
   "temperature":     298.150000000000,
   "unit": "hartree",
   "energy":     -29.780035933994,
   "free energy":     -29.698318369236,
   "G(T)":       0.081717564758,
   "ZPVE":       0.115622125547,
   "number of imags":0,
   "point group": "c1",
   "gradient norm":       0.000038247273
}
