{
   "temperature":     298.150000000000,
   "unit": "hartree",
   "energy":     -63.150431141410,
   "free energy":     -63.103820660221,
   "G(T)":       0.046610481189,
   "ZPVE":       0.098820578403,
   "number of imags":0,
   "point group": "c1",
   "gradient norm":       0.000100059831
}
