{
   "temperature":     298.150000000000,
   "unit": "hartree",
   "energy":     -14.556380837709,
   "free energy":     -14.478110918821,
   "G(T)":       0.078269918888,
   "ZPVE":       0.106210909937,
   "number of imags":0,
   "point group": "cs",
   "gradient norm":       0.000011163094
}
