{
   "temperature":     298.150000000000,
   "unit": "hartree",
   "energy":     -30.277882070152,
   "free energy":     -30.250280732046,
   "G(T)":       0.027601338106,
   "ZPVE":       0.063085451506,
   "number of imags":0,
   "point group": "cs",
   "gradient norm":       0.000057861643
}
