{
    "partname": "prescreening",
    "runtime": 17.972466925974004,
    "results": {
        "CONF3": {
            "sp": {
                "energy": -419.924604425415
            },
            "gtot": -419.924604425415,
            "bmw": 0.14503460451184214
        },
        "CONF2": {
            "sp": {
                "energy": -419.9247254742
            },
            "gtot": -419.9247254742,
            "bmw": 0.1648732587784935
        },
        "CONF1": {
            "sp": {
                "energy": -419.926077213103
            },
            "gtot": -419.926077213103,
            "bmw": 0.6900921367096643
        }
    },
    "settings": {
        "threshold": 4.0,
        "func": "pbe-d4",
        "basis": "def2-sv(p)",
        "prog": "orca",
        "gfnv": "gfn2",
        "run": true,
        "template": false
    },
    "nconf_in": 3,
    "nconf_out": 3
}