{
    "partname": "screening",
    "runtime": 27.676826131995767,
    "results": {
        "CONF1": {
            "sp": {
                "energy": -420.711847072633
            },
            "gtot": -420.711847072633,
            "bmw": 0.6784940787772227
        },
        "CONF2": {
            "sp": {
                "energy": -420.710469762822
            },
            "gtot": -420.710469762822,
            "bmw": 0.15777108113278537
        },
        "CONF3": {
            "sp": {
                "energy": -420.710504795026
            },
            "gtot": -420.710504795026,
            "bmw": 0.16373484008999198
        }
    },
    "settings": {
        "threshold": 3.5,
        "func": "r2scan-3c",
        "basis": "def2-tzvp",
        "prog": "orca",
        "sm": "smd",
        "gfnv": "gfn2",
        "run": true,
        "implicit": false,
        "template": false
    },
    "nconf_in": 3,
    "nconf_out": 3
}