{
   "temperature":     298.150000000000,
   "unit": "hartree",
   "energy":     -22.494291322185,
   "free energy":     -22.388051907887,
   "G(T)":       0.106239414298,
   "ZPVE":       0.139947874442,
   "number of imags":0,
   "point group": "c1",
   "gradient norm":       0.000040432374
}
