{
   "temperature":     298.150000000000,
   "unit": "hartree",
   "energy":     -42.867578852238,
   "free energy":     -42.745184517209,
   "G(T)":       0.122394335029,
   "ZPVE":       0.162537730505,
   "number of imags":0,
   "point group": "c1",
   "gradient norm":       0.000042374158
}
