{
   "temperature":     298.150000000000,
   "unit": "hartree",
   "energy":     -32.433454225708,
   "free energy":     -32.261335864312,
   "G(T)":       0.172118361396,
   "ZPVE":       0.209105539593,
   "number of imags":0,
   "point group": "c1",
   "gradient norm":       0.000197629183
}
