{
   "temperature":     298.150000000000,
   "unit": "hartree",
   "energy":     -23.113195078310,
   "free energy":     -23.015515173799,
   "G(T)":       0.097679904511,
   "ZPVE":       0.128901883570,
   "number of imags":0,
   "point group": "cs",
   "gradient norm":       0.000024571701
}
