{
    "partname": "prescreening",
    "runtime": 9.515490837977268,
    "results": {
        "CONF2": {
            "sp": {
                "energy": -385.234163443045
            },
            "gtot": -385.234163443045,
            "bmw": 0.17520471992368608
        },
        "CONF1": {
            "sp": {
                "energy": -385.235626153778
            },
            "gtot": -385.235626153778,
            "bmw": 0.824795280076314
        }
    },
    "settings": {
        "threshold": 4.0,
        "func": "pbe-d4",
        "basis": "def2-sv(p)",
        "prog": "orca",
        "gfnv": "gfn2",
        "run": true,
        "template": false
    },
    "nconf_in": 2,
    "nconf_out": 2
}