{
    "partname": "prescreening",
    "runtime": 6.102374868001789,
    "results": {
        "CONF2": {
            "sp": {
                "energy": -460.31090484496
            },
            "gtot": -460.31090484496,
            "bmw": 0.4380553903116961
        },
        "CONF3": {
            "sp": {
                "energy": -460.305513521815
            },
            "gtot": -460.305513521815,
            "bmw": 0.0014510822791443557
        },
        "CONF5": {
            "sp": {
                "energy": -460.300081383747
            },
            "gtot": -460.300081383747,
            "bmw": 4.603429358962748e-06
        },
        "CONF4": {
            "sp": {
                "energy": -460.305210940834
            },
            "gtot": -460.305210940834,
            "bmw": 0.0010532086594514428
        },
        "CONF1": {
            "sp": {
                "energy": -460.31113577651
            },
            "gtot": -460.31113577651,
            "bmw": 0.5594357153203491
        }
    },
    "settings": {
        "threshold": 4.0,
        "func": "pbe-d4",
        "basis": "def2-sv(p)",
        "prog": "orca",
        "gfnv": "gfn2",
        "run": true,
        "template": false
    },
    "nconf_in": 5,
    "nconf_out": 4
}