{
    "partname": "screening",
    "runtime": 23.558496257057413,
    "results": {
        "CONF3": {
            "sp": {
                "energy": -461.199162639704
            },
            "gtot": -461.199162639704,
            "bmw": 0.0007339490769203046
        },
        "CONF4": {
            "sp": {
                "energy": -461.198892272292
            },
            "gtot": -461.198892272292,
            "bmw": 0.0005511953275526644
        },
        "CONF1": {
            "sp": {
                "energy": -461.205422415708
            },
            "gtot": -461.205422415708,
            "bmw": 0.5558576448195708
        },
        "CONF2": {
            "sp": {
                "energy": -461.205207835937
            },
            "gtot": -461.205207835937,
            "bmw": 0.44285721077595613
        }
    },
    "settings": {
        "threshold": 3.5,
        "func": "r2scan-3c",
        "basis": "def2-tzvp",
        "prog": "orca",
        "sm": "smd",
        "gfnv": "gfn2",
        "run": true,
        "implicit": false,
        "template": false
    },
    "nconf_in": 4,
    "nconf_out": 4
}