{
   "temperature":     298.150000000000,
   "unit": "hartree",
   "energy":     -29.509570586160,
   "free energy":     -29.416101552851,
   "G(T)":       0.093469033309,
   "ZPVE":       0.127490796017,
   "number of imags":0,
   "point group": "c1",
   "gradient norm":       0.000047126074
}
