{
   "temperature":     298.150000000000,
   "unit": "hartree",
   "energy":     -43.359235792673,
   "free energy":     -43.209374170740,
   "G(T)":       0.149861621934,
   "ZPVE":       0.188143610513,
   "number of imags":0,
   "point group": "c1",
   "gradient norm":       0.000143920275
}
