{
   "temperature":     298.150000000000,
   "unit": "hartree",
   "energy":     -22.340403792054,
   "free energy":     -22.277543786675,
   "G(T)":       0.062860005379,
   "ZPVE":       0.093874049234,
   "number of imags":0,
   "point group": "cs",
   "gradient norm":       0.000019222554
}
