{
   "temperature":     298.150000000000,
   "unit": "hartree",
   "energy":     -17.243945362175,
   "free energy":     -17.154662072690,
   "G(T)":       0.089283289484,
   "ZPVE":       0.120867378877,
   "number of imags":0,
   "point group": "c1",
   "gradient norm":       0.000037117070
}
