{
   "temperature":     298.150000000000,
   "unit": "hartree",
   "energy":     -28.551114710853,
   "free energy":     -28.381481521799,
   "G(T)":       0.169633189054,
   "ZPVE":       0.208254080421,
   "number of imags":0,
   "point group": "c1",
   "gradient norm":       0.000041728912
}
