{
   "temperature":     298.150000000000,
   "unit": "hartree",
   "energy":     -43.361727230050,
   "free energy":     -43.208554319345,
   "G(T)":       0.153172910705,
   "ZPVE":       0.189726258712,
   "number of imags":0,
   "point group": "c1",
   "gradient norm":       0.000082585817
}
