{
   "temperature":     298.150000000000,
   "unit": "hartree",
   "energy":     -43.364220023822,
   "free energy":     -43.211026571626,
   "G(T)":       0.153193452197,
   "ZPVE":       0.189483934067,
   "number of imags":0,
   "point group": "c1",
   "gradient norm":       0.000024866137
}
