{
   "temperature":     298.150000000000,
   "unit": "hartree",
   "energy":     -22.214840156607,
   "free energy":     -22.093868560871,
   "G(T)":       0.120971595736,
   "ZPVE":       0.153318291949,
   "number of imags":0,
   "point group": "cs",
   "gradient norm":       0.000038325591
}
