{
   "temperature":     298.150000000000,
   "unit": "hartree",
   "energy":     -22.780139615442,
   "free energy":     -22.726739869279,
   "G(T)":       0.053399746164,
   "ZPVE":       0.086051662364,
   "number of imags":0,
   "point group": "cs",
   "gradient norm":       0.000056290986
}
