{
   "temperature":     298.150000000000,
   "unit": "hartree",
   "energy":     -26.322284562496,
   "free energy":     -26.115014391544,
   "G(T)":       0.207270170952,
   "ZPVE":       0.242989856979,
   "number of imags":0,
   "point group": "c1",
   "gradient norm":       0.000058074877
}
