{
   "temperature":     298.150000000000,
   "unit": "hartree",
   "energy":     -48.518944234116,
   "free energy":     -48.315663289696,
   "G(T)":       0.203280944420,
   "ZPVE":       0.248193548945,
   "number of imags":0,
   "point group": "c1",
   "gradient norm":       0.000113010439
}
