{
   "temperature":     298.150000000000,
   "unit": "hartree",
   "energy":     -21.158608490971,
   "free energy":     -21.061689925259,
   "G(T)":       0.096918565712,
   "ZPVE":       0.129370194988,
   "number of imags":0,
   "point group": "c1",
   "gradient norm":       0.000035851139
}
