{
   "temperature":     298.150000000000,
   "unit": "hartree",
   "energy":     -42.383815676660,
   "free energy":     -42.225222329355,
   "G(T)":       0.158593347305,
   "ZPVE":       0.199657769680,
   "number of imags":0,
   "point group": "c1",
   "gradient norm":       0.000129581061
}
