{
   "temperature":     298.150000000000,
   "unit": "hartree",
   "energy":     -15.773914593374,
   "free energy":     -15.670488363018,
   "G(T)":       0.103426230356,
   "ZPVE":       0.134660341218,
   "number of imags":0,
   "point group": "c1",
   "gradient norm":       0.000034923866
}
