{
   "temperature":     298.150000000000,
   "unit": "hartree",
   "energy":     -13.498324735912,
   "free energy":     -13.443230680527,
   "G(T)":       0.055094055385,
   "ZPVE":       0.082201711666,
   "number of imags":0,
   "point group": "c1",
   "gradient norm":       0.000071555278
}
