{
    "partname": "prescreening",
    "runtime": 14.61604037892539,
    "results": {
        "CONF4": {
            "sp": {
                "energy": -400.080736057639
            },
            "gtot": -400.080736057639,
            "bmw": 0.0029324053142425017
        },
        "CONF3": {
            "sp": {
                "energy": -400.081896845988
            },
            "gtot": -400.081896845988,
            "bmw": 0.010026507422106132
        },
        "CONF1": {
            "sp": {
                "energy": -400.086010694243
            },
            "gtot": -400.086010694243,
            "bmw": 0.7823280365874158
        },
        "CONF2": {
            "sp": {
                "energy": -400.084744860183
            },
            "gtot": -400.084744860183,
            "bmw": 0.20471305067623569
        }
    },
    "settings": {
        "threshold": 4.0,
        "func": "pbe-d4",
        "basis": "def2-sv(p)",
        "prog": "orca",
        "gfnv": "gfn2",
        "run": true,
        "template": false
    },
    "nconf_in": 4,
    "nconf_out": 4
}