{
    "partname": "screening",
    "runtime": 29.36778793402482,
    "results": {
        "CONF3": {
            "sp": {
                "energy": -400.829297056876
            },
            "gtot": -400.829297056876,
            "bmw": 0.015362477562754582
        },
        "CONF1": {
            "sp": {
                "energy": -400.833011033928
            },
            "gtot": -400.833011033928,
            "bmw": 0.7848243242339772
        },
        "CONF4": {
            "sp": {
                "energy": -400.828207596326
            },
            "gtot": -400.828207596326,
            "bmw": 0.00484556134777395
        },
        "CONF2": {
            "sp": {
                "energy": -400.831696138727
            },
            "gtot": -400.831696138727,
            "bmw": 0.19496763685549445
        }
    },
    "settings": {
        "threshold": 3.5,
        "func": "r2scan-3c",
        "basis": "def2-tzvp",
        "prog": "orca",
        "sm": "smd",
        "gfnv": "gfn2",
        "run": true,
        "implicit": false,
        "template": false
    },
    "nconf_in": 4,
    "nconf_out": 4
}