{
   "temperature":     298.150000000000,
   "unit": "hartree",
   "energy":     -35.319614402039,
   "free energy":     -35.163523268553,
   "G(T)":       0.156091133486,
   "ZPVE":       0.194422128856,
   "number of imags":0,
   "point group": "c1",
   "gradient norm":       0.000048231513
}
