{
   "temperature":     298.150000000000,
   "unit": "hartree",
   "energy":     -17.710892580941,
   "free energy":     -17.619854556739,
   "G(T)":       0.091038024201,
   "ZPVE":       0.121399850439,
   "number of imags":0,
   "point group": "c1",
   "gradient norm":       0.000040630605
}
