{
   "temperature":     298.150000000000,
   "unit": "hartree",
   "energy":     -27.187694429533,
   "free energy":     -27.087657573975,
   "G(T)":       0.100036855558,
   "ZPVE":       0.132679065539,
   "number of imags":0,
   "point group": "cs",
   "gradient norm":       0.000028350585
}
