{
   "temperature":     298.150000000000,
   "unit": "hartree",
   "energy":     -14.710996549609,
   "free energy":     -14.628971393986,
   "G(T)":       0.082025155623,
   "ZPVE":       0.111430708801,
   "number of imags":0,
   "point group": "cs",
   "gradient norm":       0.000086453991
}
