{
   "temperature":     298.150000000000,
   "unit": "hartree",
   "energy":     -35.707150112245,
   "free energy":     -35.461655214785,
   "G(T)":       0.245494897460,
   "ZPVE":       0.283205627253,
   "number of imags":0,
   "point group": "c1",
   "gradient norm":       0.000034259670
}
