{
   "temperature":     298.150000000000,
   "unit": "hartree",
   "energy":     -22.128771172326,
   "free energy":     -22.076749739634,
   "G(T)":       0.052021432692,
   "ZPVE":       0.085491970360,
   "number of imags":0,
   "point group": "cs",
   "gradient norm":       0.000147652041
}
