{
   "temperature":     298.150000000000,
   "unit": "hartree",
   "energy":     -14.368185913488,
   "free energy":     -14.363553482823,
   "G(T)":       0.004632430665,
   "ZPVE":       0.032226465126,
   "number of imags":0,
   "point group": "c2h",
   "gradient norm":       0.000162989573
}
