{
   "temperature":     298.150000000000,
   "unit": "hartree",
   "energy":     -42.377067633167,
   "free energy":     -42.219139494571,
   "G(T)":       0.157928138596,
   "ZPVE":       0.199323896854,
   "number of imags":0,
   "point group": "c1",
   "gradient norm":       0.000055176130
}
