{
   "temperature":     298.150000000000,
   "unit": "hartree",
   "energy":     -19.862154305247,
   "free energy":     -19.755312329498,
   "G(T)":       0.106841975749,
   "ZPVE":       0.138754853934,
   "number of imags":0,
   "point group": "c1",
   "gradient norm":       0.000057558393
}
