{
   "temperature":     298.150000000000,
   "unit": "hartree",
   "energy":     -35.706029183566,
   "free energy":     -35.459671925150,
   "G(T)":       0.246357258416,
   "ZPVE":       0.283524795380,
   "number of imags":0,
   "point group": "c1",
   "gradient norm":       0.000028180639
}
