{
   "temperature":     298.150000000000,
   "unit": "hartree",
   "energy":     -23.044939078132,
   "free energy":     -22.908928375413,
   "G(T)":       0.136010702719,
   "ZPVE":       0.169223389347,
   "number of imags":0,
   "point group": "c2",
   "gradient norm":       0.000029591571
}
