{
   "temperature":     298.150000000000,
   "unit": "hartree",
   "energy":     -28.347967109192,
   "free energy":     -28.178285831318,
   "G(T)":       0.169681277874,
   "ZPVE":       0.204518539910,
   "number of imags":0,
   "point group": "c1",
   "gradient norm":       0.000037291362
}
