{
   "temperature":     298.150000000000,
   "unit": "hartree",
   "energy":     -10.911561464588,
   "free energy":     -10.874314184568,
   "G(T)":       0.037247280020,
   "ZPVE":       0.064726250442,
   "number of imags":0,
   "point group": "cs",
   "gradient norm":       0.000099904351
}
