{
   "temperature":     298.150000000000,
   "unit": "hartree",
   "energy":     -10.911561449827,
   "free energy":     -10.874313115403,
   "G(T)":       0.037248334424,
   "ZPVE":       0.064727219941,
   "number of imags":0,
   "point group": "cs",
   "gradient norm":       0.000140278426
}
