{
   "temperature":     298.150000000000,
   "unit": "hartree",
   "energy":     -25.516753873903,
   "free energy":     -25.429003087174,
   "G(T)":       0.087750786728,
   "ZPVE":       0.121890050672,
   "number of imags":0,
   "point group": "c1",
   "gradient norm":       0.000061874274
}
