{
   "temperature":     298.150000000000,
   "unit": "hartree",
   "energy":     -33.636456775735,
   "free energy":     -33.438079799664,
   "G(T)":       0.198376976071,
   "ZPVE":       0.236153503527,
   "number of imags":0,
   "point group": "c1",
   "gradient norm":       0.000052169297
}
