{
   "temperature":     298.150000000000,
   "unit": "hartree",
   "energy":     -29.512056864083,
   "free energy":     -29.421369051895,
   "G(T)":       0.090687812188,
   "ZPVE":       0.126988026627,
   "number of imags":0,
   "point group": "cs",
   "gradient norm":       0.000017145882
}
