{
   "temperature":     298.150000000000,
   "unit": "hartree",
   "energy":     -51.015409301077,
   "free energy":     -50.933320719587,
   "G(T)":       0.082088581490,
   "ZPVE":       0.127993554614,
   "number of imags":0,
   "point group": "c1",
   "gradient norm":       0.000028005882
}
