{
   "temperature":     298.150000000000,
   "unit": "hartree",
   "energy":     -22.485084866172,
   "free energy":     -22.376495968616,
   "G(T)":       0.108588897556,
   "ZPVE":       0.141414592974,
   "number of imags":0,
   "point group": "cs",
   "gradient norm":       0.000048726786
}
