{
   "temperature":     298.150000000000,
   "unit": "hartree",
   "energy":     -22.288269859457,
   "free energy":     -22.195935678283,
   "G(T)":       0.092334181174,
   "ZPVE":       0.125520671517,
   "number of imags":0,
   "point group": "cs",
   "gradient norm":       0.000041447194
}
