{
   "temperature":     298.150000000000,
   "unit": "hartree",
   "energy":     -31.866448209006,
   "free energy":     -31.726171244192,
   "G(T)":       0.140276964814,
   "ZPVE":       0.177800981384,
   "number of imags":0,
   "point group": "c1",
   "gradient norm":       0.000043952573
}
