{
   "temperature":     298.150000000000,
   "unit": "hartree",
   "energy":     -15.451069588080,
   "free energy":     -15.396626251549,
   "G(T)":       0.054443336531,
   "ZPVE":       0.082028599091,
   "number of imags":0,
   "point group": "ci",
   "gradient norm":       0.000029397800
}
