{
   "temperature":     298.150000000000,
   "unit": "hartree",
   "energy":     -42.917585851667,
   "free energy":     -42.811498769884,
   "G(T)":       0.106087081783,
   "ZPVE":       0.147078986946,
   "number of imags":0,
   "point group": "c2",
   "gradient norm":       0.000026984745
}
