{
   "temperature":     298.150000000000,
   "unit": "hartree",
   "energy":     -30.351375248710,
   "free energy":     -30.227452533134,
   "G(T)":       0.123922715576,
   "ZPVE":       0.159747046390,
   "number of imags":0,
   "point group": "cs",
   "gradient norm":       0.000036112611
}
