{
   "temperature":     298.150000000000,
   "unit": "hartree",
   "energy":     -15.449918363550,
   "free energy":     -15.394910321718,
   "G(T)":       0.055008041832,
   "ZPVE":       0.082084556531,
   "number of imags":0,
   "point group": "c2",
   "gradient norm":       0.000011127549
}
