{
   "temperature":     298.150000000000,
   "unit": "hartree",
   "energy":     -16.983466923663,
   "free energy":     -16.913471900187,
   "G(T)":       0.069995023476,
   "ZPVE":       0.099185129237,
   "number of imags":0,
   "point group": "cs",
   "gradient norm":       0.000017635667
}
