{
   "temperature":     298.150000000000,
   "unit": "hartree",
   "energy":     -16.686545084256,
   "free energy":     -16.605660901522,
   "G(T)":       0.080884182734,
   "ZPVE":       0.110809018419,
   "number of imags":0,
   "point group": "cs",
   "gradient norm":       0.000049762083
}
