{
   "temperature":     298.150000000000,
   "unit": "hartree",
   "energy":     -43.361458209946,
   "free energy":     -43.212641189301,
   "G(T)":       0.148817020645,
   "ZPVE":       0.187635002298,
   "number of imags":0,
   "point group": "c1",
   "gradient norm":       0.000121631475
}
