{
   "temperature":     298.150000000000,
   "unit": "hartree",
   "energy":     -22.486227359051,
   "free energy":     -22.377182975338,
   "G(T)":       0.109044383713,
   "ZPVE":       0.141403191583,
   "number of imags":0,
   "point group": "c1",
   "gradient norm":       0.000019408956
}
