{
   "temperature":     298.150000000000,
   "unit": "hartree",
   "energy":     -25.242708312343,
   "free energy":     -25.141922382433,
   "G(T)":       0.100785929910,
   "ZPVE":       0.133494809397,
   "number of imags":0,
   "point group": "cs",
   "gradient norm":       0.000032606573
}
