{
   "temperature":     298.150000000000,
   "unit": "hartree",
   "energy":     -13.919208890741,
   "free energy":     -13.827740378268,
   "G(T)":       0.091468512473,
   "ZPVE":       0.119387017478,
   "number of imags":0,
   "point group": "cs",
   "gradient norm":       0.000014352891
}
