{
   "temperature":     298.150000000000,
   "unit": "hartree",
   "energy":     -14.707207694716,
   "free energy":     -14.624862393374,
   "G(T)":       0.082345301343,
   "ZPVE":       0.111636134118,
   "number of imags":0,
   "point group": "c1",
   "gradient norm":       0.000035395032
}
