{
   "temperature":     298.150000000000,
   "unit": "hartree",
   "energy":     -22.782144614395,
   "free energy":     -22.727499736818,
   "G(T)":       0.054644877576,
   "ZPVE":       0.086435623747,
   "number of imags":0,
   "point group": "c1",
   "gradient norm":       0.000059409522
}
