{
   "temperature":     298.150000000000,
   "unit": "hartree",
   "energy":     -28.657163959586,
   "free energy":     -28.616367545379,
   "G(T)":       0.040796414207,
   "ZPVE":       0.073718463463,
   "number of imags":0,
   "point group": "cs",
   "gradient norm":       0.000099716235
}
