{
   "temperature":     298.150000000000,
   "unit": "hartree",
   "energy":     -17.243862850916,
   "free energy":     -17.154391542874,
   "G(T)":       0.089471308042,
   "ZPVE":       0.120896475969,
   "number of imags":0,
   "point group": "cs",
   "gradient norm":       0.000036802733
}
