{
   "temperature":     298.150000000000,
   "unit": "hartree",
   "energy":     -11.546229311462,
   "free energy":     -11.490068287160,
   "G(T)":       0.056161024301,
   "ZPVE":       0.083200299279,
   "number of imags":0,
   "point group": "cs",
   "gradient norm":       0.000055162334
}
