{
   "temperature":     298.150000000000,
   "unit": "hartree",
   "energy":     -13.481666478389,
   "free energy":     -13.440851750992,
   "G(T)":       0.040814727397,
   "ZPVE":       0.069029774421,
   "number of imags":0,
   "point group": "cs",
   "gradient norm":       0.000011177961
}
