{
   "temperature":     298.150000000000,
   "unit": "hartree",
   "energy":     -17.789222227686,
   "free energy":     -17.744373715287,
   "G(T)":       0.044848512399,
   "ZPVE":       0.077074174426,
   "number of imags":0,
   "point group": "c1",
   "gradient norm":       0.000083433091
}
