{
   "temperature":     298.150000000000,
   "unit": "hartree",
   "energy":     -15.772579531486,
   "free energy":     -15.667808711426,
   "G(T)":       0.104770820060,
   "ZPVE":       0.134563798455,
   "number of imags":0,
   "point group": "cs",
   "gradient norm":       0.000078317848
}
