{
   "temperature":     298.150000000000,
   "unit": "hartree",
   "energy":     -23.490227360066,
   "free energy":     -23.487175999742,
   "G(T)":       0.003051360324,
   "ZPVE":       0.036188639089,
   "number of imags":0,
   "point group": "c2h",
   "gradient norm":       0.000021148014
}
