{
    "partname": "prescreening",
    "runtime": 5.8830091370036826,
    "results": {
        "CONF1": {
            "sp": {
                "energy": -565.037873406142
            },
            "gtot": -565.037873406142,
            "bmw": 0.6799747055440906
        },
        "CONF2": {
            "sp": {
                "energy": -565.037161816776
            },
            "gtot": -565.037161816776,
            "bmw": 0.3200252944559094
        }
    },
    "settings": {
        "threshold": 4.0,
        "func": "pbe-d4",
        "basis": "def2-sv(p)",
        "prog": "orca",
        "gfnv": "gfn2",
        "run": true,
        "template": false
    },
    "nconf_in": 2,
    "nconf_out": 2
}