{
    "partname": "prescreening",
    "runtime": 9.256702412036248,
    "results": {
        "CONF1": {
            "sp": {
                "energy": -617.30522390961
            },
            "gtot": -617.30522390961,
            "bmw": 0.658517657280454
        },
        "CONF2": {
            "sp": {
                "energy": -617.303835542921
            },
            "gtot": -617.303835542921,
            "bmw": 0.15134321387437302
        },
        "CONF3": {
            "sp": {
                "energy": -617.304051011199
            },
            "gtot": -617.304051011199,
            "bmw": 0.19013912884517303
        }
    },
    "settings": {
        "threshold": 4.0,
        "func": "pbe-d4",
        "basis": "def2-sv(p)",
        "prog": "orca",
        "gfnv": "gfn2",
        "run": true,
        "template": false
    },
    "nconf_in": 3,
    "nconf_out": 3
}