{
    "partname": "screening",
    "runtime": 13.375950052053668,
    "results": {
        "CONF2": {
            "sp": {
                "energy": -617.973844996143
            },
            "gtot": -617.973844996143,
            "bmw": 0.24680235565114939
        },
        "CONF1": {
            "sp": {
                "energy": -617.974597577447
            },
            "gtot": -617.974597577447,
            "bmw": 0.5476621646648571
        },
        "CONF3": {
            "sp": {
                "energy": -617.973672239621
            },
            "gtot": -617.973672239621,
            "bmw": 0.20553547968399347
        }
    },
    "settings": {
        "threshold": 3.5,
        "func": "r2scan-3c",
        "basis": "def2-tzvp",
        "prog": "orca",
        "sm": "smd",
        "gfnv": "gfn2",
        "run": true,
        "implicit": false,
        "template": false
    },
    "nconf_in": 3,
    "nconf_out": 3
}