{
   "temperature":     298.150000000000,
   "unit": "hartree",
   "energy":     -15.773624412095,
   "free energy":     -15.671602396463,
   "G(T)":       0.102022015631,
   "ZPVE":       0.134386177027,
   "number of imags":0,
   "point group": "c1",
   "gradient norm":       0.000051914878
}
