{
   "temperature":     298.150000000000,
   "unit": "hartree",
   "energy":     -13.497369532218,
   "free energy":     -13.442777795390,
   "G(T)":       0.054591736829,
   "ZPVE":       0.082102270082,
   "number of imags":0,
   "point group": "c1",
   "gradient norm":       0.000046210944
}
