{
   "temperature":     298.150000000000,
   "unit": "hartree",
   "energy":     -23.955440138496,
   "free energy":     -23.846320563138,
   "G(T)":       0.109119575358,
   "ZPVE":       0.143042474105,
   "number of imags":0,
   "point group": "c1",
   "gradient norm":       0.000026712039
}
