{
   "temperature":     298.150000000000,
   "unit": "hartree",
   "energy":     -26.289224042695,
   "free energy":     -26.165913419941,
   "G(T)":       0.123310622753,
   "ZPVE":       0.157085636652,
   "number of imags":0,
   "point group": "c1",
   "gradient norm":       0.000067130500
}
