{
   "temperature":     298.150000000000,
   "unit": "hartree",
   "energy":     -26.147987780475,
   "free energy":     -26.070470905450,
   "G(T)":       0.077516875025,
   "ZPVE":       0.109781260059,
   "number of imags":0,
   "point group": "cs",
   "gradient norm":       0.000029397455
}
