{
   "temperature":     298.150000000000,
   "unit": "hartree",
   "energy":     -19.862438282030,
   "free energy":     -19.755730750318,
   "G(T)":       0.106707531712,
   "ZPVE":       0.138798476436,
   "number of imags":0,
   "point group": "c1",
   "gradient norm":       0.000038611920
}
