{
   "temperature":     298.150000000000,
   "unit": "hartree",
   "energy":     -22.901132062128,
   "free energy":     -22.812333110988,
   "G(T)":       0.088798951139,
   "ZPVE":       0.121384084817,
   "number of imags":0,
   "point group": "cs",
   "gradient norm":       0.000016934612
}
