{
   "temperature":     298.150000000000,
   "unit": "hartree",
   "energy":     -59.103710624557,
   "free energy":     -59.045105475060,
   "G(T)":       0.058605149498,
   "ZPVE":       0.108625742704,
   "number of imags":0,
   "point group": "c1",
   "gradient norm":       0.000018757546
}
