{
   "temperature":     298.150000000000,
   "unit": "hartree",
   "energy":     -22.487027736791,
   "free energy":     -22.378096730074,
   "G(T)":       0.108931006718,
   "ZPVE":       0.141285812334,
   "number of imags":0,
   "point group": "c1",
   "gradient norm":       0.000017140314
}
