{
   "temperature":     298.150000000000,
   "unit": "hartree",
   "energy":     -14.554562231177,
   "free energy":     -14.476829941107,
   "G(T)":       0.077732290070,
   "ZPVE":       0.105698535581,
   "number of imags":0,
   "point group": "c1",
   "gradient norm":       0.000051356905
}
