{
   "temperature":     298.150000000000,
   "unit": "hartree",
   "energy":     -31.866447607361,
   "free energy":     -31.726107091696,
   "G(T)":       0.140340515665,
   "ZPVE":       0.177811190760,
   "number of imags":0,
   "point group": "c1",
   "gradient norm":       0.000083615511
}
