{
   "temperature":     298.150000000000,
   "unit": "hartree",
   "energy":     -42.381096190365,
   "free energy":     -42.222812378580,
   "G(T)":       0.158283811785,
   "ZPVE":       0.199662286581,
   "number of imags":0,
   "point group": "c1",
   "gradient norm":       0.000034094011
}
