{
   "temperature":     298.150000000000,
   "unit": "hartree",
   "energy":     -48.519922993151,
   "free energy":     -48.316020174991,
   "G(T)":       0.203902818160,
   "ZPVE":       0.248150631358,
   "number of imags":0,
   "point group": "c1",
   "gradient norm":       0.000043137244
}
