{
   "temperature":     298.150000000000,
   "unit": "hartree",
   "energy":     -43.364605529665,
   "free energy":     -43.211753917186,
   "G(T)":       0.152851612480,
   "ZPVE":       0.189276239203,
   "number of imags":0,
   "point group": "c1",
   "gradient norm":       0.000048952962
}
