{
   "temperature":     298.150000000000,
   "unit": "hartree",
   "energy":     -33.635099880230,
   "free energy":     -33.436840919054,
   "G(T)":       0.198258961175,
   "ZPVE":       0.235971498987,
   "number of imags":0,
   "point group": "c1",
   "gradient norm":       0.000045566581
}
