{
   "temperature":     298.150000000000,
   "unit": "hartree",
   "energy":     -11.550579913976,
   "free energy":     -11.494015580660,
   "G(T)":       0.056564333315,
   "ZPVE":       0.082787094935,
   "number of imags":0,
   "point group": "c2",
   "gradient norm":       0.000192432799
}
