{
   "temperature":     298.150000000000,
   "unit": "hartree",
   "energy":     -43.358674657985,
   "free energy":     -43.206366524873,
   "G(T)":       0.152308133112,
   "ZPVE":       0.189116632615,
   "number of imags":0,
   "point group": "c1",
   "gradient norm":       0.000058334513
}
