{
   "temperature":     298.150000000000,
   "unit": "hartree",
   "energy":     -27.242395762693,
   "free energy":     -27.192682148287,
   "G(T)":       0.049713614406,
   "ZPVE":       0.081628356200,
   "number of imags":0,
   "point group": "c1",
   "gradient norm":       0.000069372723
}
