{
   "temperature":     298.150000000000,
   "unit": "hartree",
   "energy":     -59.103545613868,
   "free energy":     -59.045056058391,
   "G(T)":       0.058489555476,
   "ZPVE":       0.108545543812,
   "number of imags":0,
   "point group": "c1",
   "gradient norm":       0.000028176903
}
