{
   "temperature":     298.150000000000,
   "unit": "hartree",
   "energy":     -11.552702191599,
   "free energy":     -11.495786627019,
   "G(T)":       0.056915564580,
   "ZPVE":       0.082837864064,
   "number of imags":0,
   "point group": "c2h",
   "gradient norm":       0.000016010507
}
