{
   "temperature":     298.150000000000,
   "unit": "hartree",
   "energy":     -23.103507302444,
   "free energy":     -23.007479968955,
   "G(T)":       0.096027333489,
   "ZPVE":       0.128511004721,
   "number of imags":0,
   "point group": "cs",
   "gradient norm":       0.000052725401
}
