{
    "partname": "prescreening",
    "runtime": 15.767262712935917,
    "results": {
        "CONF1": {
            "sp": {
                "energy": -510.971482172938
            },
            "gtot": -510.971482172938,
            "bmw": 0.7133080140655618
        },
        "CONF2": {
            "sp": {
                "energy": -510.970621544781
            },
            "gtot": -510.970621544781,
            "bmw": 0.28669198593443823
        }
    },
    "settings": {
        "threshold": 4.0,
        "func": "pbe-d4",
        "basis": "def2-sv(p)",
        "prog": "orca",
        "gfnv": "gfn2",
        "run": true,
        "template": false
    },
    "nconf_in": 2,
    "nconf_out": 2
}