{
   "temperature":     298.150000000000,
   "unit": "hartree",
   "energy":     -43.363559975819,
   "free energy":     -43.209975236658,
   "G(T)":       0.153584739160,
   "ZPVE":       0.189897174079,
   "number of imags":0,
   "point group": "c1",
   "gradient norm":       0.000032868919
}
