{
   "temperature":     298.150000000000,
   "unit": "hartree",
   "energy":     -35.710386412826,
   "free energy":     -35.464131578671,
   "G(T)":       0.246254834156,
   "ZPVE":       0.283485921623,
   "number of imags":0,
   "point group": "c1",
   "gradient norm":       0.000102630013
}
