{
   "temperature":     298.150000000000,
   "unit": "hartree",
   "energy":     -43.363638683576,
   "free energy":     -43.210393031032,
   "G(T)":       0.153245652544,
   "ZPVE":       0.189255745399,
   "number of imags":0,
   "point group": "c1",
   "gradient norm":       0.000049027822
}
