{
   "temperature":     298.150000000000,
   "unit": "hartree",
   "energy":     -26.548014254191,
   "free energy":     -26.436175005658,
   "G(T)":       0.111839248533,
   "ZPVE":       0.144734777917,
   "number of imags":0,
   "point group": "c1",
   "gradient norm":       0.000063421871
}
