{
    "partname": "prescreening",
    "runtime": 5.397869360051118,
    "results": {
        "CONF3": {
            "sp": {
                "energy": -326.179130838962
            },
            "gtot": -326.179130838962,
            "bmw": 0.19300843405849802
        },
        "CONF2": {
            "sp": {
                "energy": -326.1797669516
            },
            "gtot": -326.1797669516,
            "bmw": 0.3785888744166192
        },
        "CONF4": {
            "sp": {
                "energy": -326.174029519454
            },
            "gtot": -326.174029519454,
            "bmw": 0.0008692240547191063
        },
        "CONF1": {
            "sp": {
                "energy": -326.179881747089
            },
            "gtot": -326.179881747089,
            "bmw": 0.4275334674701637
        }
    },
    "settings": {
        "threshold": 4.0,
        "func": "pbe-d4",
        "basis": "def2-sv(p)",
        "prog": "orca",
        "gfnv": "gfn2",
        "run": true,
        "template": false
    },
    "nconf_in": 4,
    "nconf_out": 4
}