{
    "partname": "screening",
    "runtime": 16.918924481025897,
    "results": {
        "CONF1": {
            "sp": {
                "energy": -326.819176678763
            },
            "gtot": -326.819176678763,
            "bmw": 0.4714453147829612
        },
        "CONF4": {
            "sp": {
                "energy": -326.813563789457
            },
            "gtot": -326.813563789457,
            "bmw": 0.001235039803023075
        },
        "CONF3": {
            "sp": {
                "energy": -326.818663017144
            },
            "gtot": -326.818663017144,
            "bmw": 0.2736297628324355
        },
        "CONF2": {
            "sp": {
                "energy": -326.818591577011
            },
            "gtot": -326.818591577011,
            "bmw": 0.25368988258158015
        }
    },
    "settings": {
        "threshold": 3.5,
        "func": "r2scan-3c",
        "basis": "def2-tzvp",
        "prog": "orca",
        "sm": "smd",
        "gfnv": "gfn2",
        "run": true,
        "implicit": false,
        "template": false
    },
    "nconf_in": 4,
    "nconf_out": 4
}