{
   "temperature":     298.150000000000,
   "unit": "hartree",
   "energy":     -14.722246180936,
   "free energy":     -14.640120436682,
   "G(T)":       0.082125744254,
   "ZPVE":       0.110911417520,
   "number of imags":0,
   "point group": "cs",
   "gradient norm":       0.000040209101
}
