{
   "temperature":     298.150000000000,
   "unit": "hartree",
   "energy":     -29.333219186912,
   "free energy":     -29.230644982324,
   "G(T)":       0.102574204588,
   "ZPVE":       0.138163930100,
   "number of imags":0,
   "point group": "cs",
   "gradient norm":       0.000186626405
}
