{
   "temperature":     298.150000000000,
   "unit": "hartree",
   "energy":     -28.053242630035,
   "free energy":     -28.004520362743,
   "G(T)":       0.048722267293,
   "ZPVE":       0.082317167696,
   "number of imags":0,
   "point group": "cs",
   "gradient norm":       0.000030698471
}
