{
   "temperature":     298.150000000000,
   "unit": "hartree",
   "energy":     -26.549845473225,
   "free energy":     -26.437895199948,
   "G(T)":       0.111950273277,
   "ZPVE":       0.144763700799,
   "number of imags":0,
   "point group": "c1",
   "gradient norm":       0.000056744898
}
