{
   "temperature":     298.150000000000,
   "unit": "hartree",
   "energy":     -26.325499828693,
   "free energy":     -26.118045520779,
   "G(T)":       0.207454307915,
   "ZPVE":       0.242732433777,
   "number of imags":0,
   "point group": "c1",
   "gradient norm":       0.000022999631
}
