{
   "temperature":     298.150000000000,
   "unit": "hartree",
   "energy":     -22.495165366919,
   "free energy":     -22.389489574365,
   "G(T)":       0.105675792554,
   "ZPVE":       0.139935810654,
   "number of imags":0,
   "point group": "cs",
   "gradient norm":       0.000057252123
}
