{
   "temperature":     298.150000000000,
   "unit": "hartree",
   "energy":     -28.418662061551,
   "free energy":     -28.294985993151,
   "G(T)":       0.123676068400,
   "ZPVE":       0.161086746069,
   "number of imags":0,
   "point group": "c1",
   "gradient norm":       0.000045435572
}
