{
   "temperature":     298.150000000000,
   "unit": "hartree",
   "energy":     -33.408669007816,
   "free energy":     -33.303534048465,
   "G(T)":       0.105134959351,
   "ZPVE":       0.141964817896,
   "number of imags":0,
   "point group": "cs",
   "gradient norm":       0.000024294641
}
