{
    "partname": "prescreening",
    "runtime": 20.63025883201044,
    "results": {
        "CONF2": {
            "sp": {
                "energy": -3217.959400808421
            },
            "gtot": -3217.959400808421,
            "bmw": 0.39858209067898154
        },
        "CONF1": {
            "sp": {
                "energy": -3217.959354081113
            },
            "gtot": -3217.959354081113,
            "bmw": 0.3793365647295593
        },
        "CONF3": {
            "sp": {
                "energy": -3217.958848583888
            },
            "gtot": -3217.958848583888,
            "bmw": 0.22208134459145926
        }
    },
    "settings": {
        "threshold": 4.0,
        "func": "pbe-d4",
        "basis": "def2-sv(p)",
        "prog": "orca",
        "gfnv": "gfn2",
        "run": true,
        "template": false
    },
    "nconf_in": 3,
    "nconf_out": 3
}