{
    "partname": "screening",
    "runtime": 80.47709992900491,
    "results": {
        "CONF2": {
            "sp": {
                "energy": -3220.642080417623
            },
            "gtot": -3220.642080417623,
            "bmw": 0.4039675471698205
        },
        "CONF3": {
            "sp": {
                "energy": -3220.641328822196
            },
            "gtot": -3220.641328822196,
            "bmw": 0.18223698062320148
        },
        "CONF1": {
            "sp": {
                "energy": -3220.642103113231
            },
            "gtot": -3220.642103113231,
            "bmw": 0.4137954722069779
        }
    },
    "settings": {
        "threshold": 3.5,
        "func": "r2scan-3c",
        "basis": "def2-tzvp",
        "prog": "orca",
        "sm": "smd",
        "gfnv": "gfn2",
        "run": true,
        "implicit": false,
        "template": false
    },
    "nconf_in": 3,
    "nconf_out": 3
}