{
   "temperature":     298.150000000000,
   "unit": "hartree",
   "energy":     -16.686160371879,
   "free energy":     -16.605320670336,
   "G(T)":       0.080839701543,
   "ZPVE":       0.110604003846,
   "number of imags":0,
   "point group": "c1",
   "gradient norm":       0.000058591911
}
