{
    "partname": "prescreening",
    "runtime": 5.3431035679532215,
    "results": {
        "CONF4": {
            "sp": {
                "energy": -342.1977631213
            },
            "gtot": -342.1977631213,
            "bmw": 0.09443602740891403
        },
        "CONF1": {
            "sp": {
                "energy": -342.198834676568
            },
            "gtot": -342.198834676568,
            "bmw": 0.29377782770156324
        },
        "CONF3": {
            "sp": {
                "energy": -342.198807941348
            },
            "gtot": -342.198807941348,
            "bmw": 0.2855759730088078
        },
        "CONF2": {
            "sp": {
                "energy": -342.198933549681
            },
            "gtot": -342.198933549681,
            "bmw": 0.3262101718807149
        }
    },
    "settings": {
        "threshold": 4.0,
        "func": "pbe-d4",
        "basis": "def2-sv(p)",
        "prog": "orca",
        "gfnv": "gfn2",
        "run": true,
        "template": false
    },
    "nconf_in": 4,
    "nconf_out": 4
}