{
    "partname": "screening",
    "runtime": 22.883861456997693,
    "results": {
        "CONF2": {
            "sp": {
                "energy": -342.851170482722
            },
            "gtot": -342.851170482722,
            "bmw": 0.2595633287663271
        },
        "CONF1": {
            "sp": {
                "energy": -342.851546566008
            },
            "gtot": -342.851546566008,
            "bmw": 0.38657135750720284
        },
        "CONF3": {
            "sp": {
                "energy": -342.850937878647
            },
            "gtot": -342.850937878647,
            "bmw": 0.20288636751974853
        },
        "CONF4": {
            "sp": {
                "energy": -342.850658866994
            },
            "gtot": -342.850658866994,
            "bmw": 0.15097894620672156
        }
    },
    "settings": {
        "threshold": 3.5,
        "func": "r2scan-3c",
        "basis": "def2-tzvp",
        "prog": "orca",
        "sm": "smd",
        "gfnv": "gfn2",
        "run": true,
        "implicit": false,
        "template": false
    },
    "nconf_in": 4,
    "nconf_out": 4
}