{
   "temperature":     298.150000000000,
   "unit": "hartree",
   "energy":     -23.956666246669,
   "free energy":     -23.849051211219,
   "G(T)":       0.107615035450,
   "ZPVE":       0.142769009598,
   "number of imags":0,
   "point group": "c1",
   "gradient norm":       0.000064490029
}
