{
   "temperature":     298.150000000000,
   "unit": "hartree",
   "energy":     -59.103549453788,
   "free energy":     -59.044927152441,
   "G(T)":       0.058622301348,
   "ZPVE":       0.108627268659,
   "number of imags":0,
   "point group": "c1",
   "gradient norm":       0.000045842493
}
