{
   "temperature":     298.150000000000,
   "unit": "hartree",
   "energy":     -28.350081291823,
   "free energy":     -28.180570044880,
   "G(T)":       0.169511246943,
   "ZPVE":       0.204361076123,
   "number of imags":0,
   "point group": "c1",
   "gradient norm":       0.000039232769
}
