{
   "temperature":     298.150000000000,
   "unit": "hartree",
   "energy":     -28.643942343906,
   "free energy":     -28.506834902424,
   "G(T)":       0.137107441482,
   "ZPVE":       0.170478792197,
   "number of imags":0,
   "point group": "cs",
   "gradient norm":       0.000025307852
}
