{
   "temperature":     298.150000000000,
   "unit": "hartree",
   "energy":     -31.805800159056,
   "free energy":     -31.642137545016,
   "G(T)":       0.163662614040,
   "ZPVE":       0.198946361997,
   "number of imags":0,
   "point group": "cs",
   "gradient norm":       0.000038279668
}
