{
   "temperature":     298.150000000000,
   "unit": "hartree",
   "energy":     -26.323992207416,
   "free energy":     -26.116148819568,
   "G(T)":       0.207843387848,
   "ZPVE":       0.242872083447,
   "number of imags":0,
   "point group": "c1",
   "gradient norm":       0.000055526718
}
