{
   "temperature":     298.150000000000,
   "unit": "hartree",
   "energy":     -43.365121328198,
   "free energy":     -43.212522110463,
   "G(T)":       0.152599217734,
   "ZPVE":       0.189128847576,
   "number of imags":0,
   "point group": "c1",
   "gradient norm":       0.000089851959
}
