{
   "temperature":     298.150000000000,
   "unit": "hartree",
   "energy":     -43.364601159852,
   "free energy":     -43.212888993310,
   "G(T)":       0.151712166542,
   "ZPVE":       0.189185388465,
   "number of imags":0,
   "point group": "c1",
   "gradient norm":       0.000022787261
}
