{
   "temperature":     298.150000000000,
   "unit": "hartree",
   "energy":     -43.364355165623,
   "free energy":     -43.210902363653,
   "G(T)":       0.153452801970,
   "ZPVE":       0.189932858947,
   "number of imags":0,
   "point group": "c1",
   "gradient norm":       0.000026361232
}
