{
    "partname": "prescreening",
    "runtime": 4.0517995490226895,
    "results": {
        "CONF3": {
            "sp": {
                "energy": -236.44361921739
            },
            "gtot": -236.44361921739,
            "bmw": 0.0020549663631203446
        },
        "CONF2": {
            "sp": {
                "energy": -236.44852386146
            },
            "gtot": -236.44852386146,
            "bmw": 0.3704971135129871
        },
        "CONF1": {
            "sp": {
                "energy": -236.449021271661
            },
            "gtot": -236.449021271661,
            "bmw": 0.6274479201238926
        }
    },
    "settings": {
        "threshold": 4.0,
        "func": "pbe-d4",
        "basis": "def2-sv(p)",
        "prog": "orca",
        "gfnv": "gfn2",
        "run": true,
        "template": false
    },
    "nconf_in": 3,
    "nconf_out": 3
}