{
    "partname": "screening",
    "runtime": 13.592540420941077,
    "results": {
        "CONF3": {
            "sp": {
                "energy": -236.98390177165
            },
            "gtot": -236.98390177165,
            "bmw": 0.0034189055483052192
        },
        "CONF2": {
            "sp": {
                "energy": -236.988521441254
            },
            "gtot": -236.988521441254,
            "bmw": 0.4558143917856442
        },
        "CONF1": {
            "sp": {
                "energy": -236.988682804399
            },
            "gtot": -236.988682804399,
            "bmw": 0.5407667026660506
        }
    },
    "settings": {
        "threshold": 3.5,
        "func": "r2scan-3c",
        "basis": "def2-tzvp",
        "prog": "orca",
        "sm": "smd",
        "gfnv": "gfn2",
        "run": true,
        "implicit": false,
        "template": false
    },
    "nconf_in": 3,
    "nconf_out": 3
}