{
    "partname": "prescreening",
    "runtime": 10.038446238962933,
    "results": {
        "CONF1": {
            "sp": {
                "energy": -345.032221468347
            },
            "gtot": -345.032221468347,
            "bmw": 0.6592643481144846
        },
        "CONF4": {
            "sp": {
                "energy": -345.029568928366
            },
            "gtot": -345.029568928366,
            "bmw": 0.03971692844711168
        },
        "CONF3": {
            "sp": {
                "energy": -345.030215179647
            },
            "gtot": -345.030215179647,
            "bmw": 0.07874639255155633
        },
        "CONF2": {
            "sp": {
                "energy": -345.031194931671
            },
            "gtot": -345.031194931671,
            "bmw": 0.22227233088684734
        }
    },
    "settings": {
        "threshold": 4.0,
        "func": "pbe-d4",
        "basis": "def2-sv(p)",
        "prog": "orca",
        "gfnv": "gfn2",
        "run": true,
        "template": false
    },
    "nconf_in": 4,
    "nconf_out": 4
}