{
    "partname": "screening",
    "runtime": 17.30299501400441,
    "results": {
        "CONF2": {
            "sp": {
                "energy": -345.699345757898
            },
            "gtot": -345.699345757898,
            "bmw": 0.11986525584231242
        },
        "CONF3": {
            "sp": {
                "energy": -345.699045808887
            },
            "gtot": -345.699045808887,
            "bmw": 0.087242142364677
        },
        "CONF4": {
            "sp": {
                "energy": -345.698006114355
            },
            "gtot": -345.698006114355,
            "bmw": 0.029006808001761565
        },
        "CONF1": {
            "sp": {
                "energy": -345.701094433536
            },
            "gtot": -345.701094433536,
            "bmw": 0.763885793791249
        }
    },
    "settings": {
        "threshold": 3.5,
        "func": "r2scan-3c",
        "basis": "def2-tzvp",
        "prog": "orca",
        "sm": "smd",
        "gfnv": "gfn2",
        "run": true,
        "implicit": false,
        "template": false
    },
    "nconf_in": 4,
    "nconf_out": 4
}