{
    "partname": "prescreening",
    "runtime": 84.35651862993836,
    "results": {
        "CONF2": {
            "sp": {
                "energy": -463.480893315827
            },
            "gtot": -463.480893315827,
            "bmw": 0.35803555537440557
        },
        "CONF1": {
            "sp": {
                "energy": -463.48144462533
            },
            "gtot": -463.48144462533,
            "bmw": 0.6419644446255945
        }
    },
    "settings": {
        "threshold": 4.0,
        "func": "pbe-d4",
        "basis": "def2-sv(p)",
        "prog": "orca",
        "gfnv": "gfn2",
        "run": true,
        "template": false
    },
    "nconf_in": 2,
    "nconf_out": 2
}