{
   "temperature":     298.150000000000,
   "unit": "hartree",
   "energy":     -15.767826335079,
   "free energy":     -15.665462861471,
   "G(T)":       0.102363473607,
   "ZPVE":       0.134891448347,
   "number of imags":0,
   "point group": "c1",
   "gradient norm":       0.000047819635
}
