{
    "partname": "prescreening",
    "runtime": 12.461040699970908,
    "results": {
        "CONF2": {
            "sp": {
                "energy": -1225.362961852066
            },
            "gtot": -1225.362961852066,
            "bmw": 0.47046302561908926
        },
        "CONF1": {
            "sp": {
                "energy": -1225.363073535432
            },
            "gtot": -1225.363073535432,
            "bmw": 0.5295369743809106
        }
    },
    "settings": {
        "threshold": 4.0,
        "func": "pbe-d4",
        "basis": "def2-sv(p)",
        "prog": "orca",
        "gfnv": "gfn2",
        "run": true,
        "template": false
    },
    "nconf_in": 2,
    "nconf_out": 2
}