{
   "temperature":     298.150000000000,
   "unit": "hartree",
   "energy":     -29.786036726144,
   "free energy":     -29.703916690429,
   "G(T)":       0.082120035715,
   "ZPVE":       0.115585742412,
   "number of imags":0,
   "point group": "cs",
   "gradient norm":       0.000036798385
}
