{
   "temperature":     298.150000000000,
   "unit": "hartree",
   "energy":     -38.869505288938,
   "free energy":     -38.752129719309,
   "G(T)":       0.117375569628,
   "ZPVE":       0.156819930483,
   "number of imags":0,
   "point group": "c1",
   "gradient norm":       0.000039190462
}
