{
   "temperature":     298.150000000000,
   "unit": "hartree",
   "energy":     -43.363551117256,
   "free energy":     -43.210035756060,
   "G(T)":       0.153515361196,
   "ZPVE":       0.189504572123,
   "number of imags":0,
   "point group": "c1",
   "gradient norm":       0.000067905115
}
