{
   "temperature":     298.150000000000,
   "unit": "hartree",
   "energy":     -43.363120459238,
   "free energy":     -43.213093491955,
   "G(T)":       0.150026967282,
   "ZPVE":       0.188292304591,
   "number of imags":0,
   "point group": "c1",
   "gradient norm":       0.000038905502
}
