{
   "temperature":     298.150000000000,
   "unit": "hartree",
   "energy":     -33.408885182107,
   "free energy":     -33.303745638782,
   "G(T)":       0.105139543326,
   "ZPVE":       0.141972481085,
   "number of imags":0,
   "point group": "cs",
   "gradient norm":       0.000023865457
}
