{
   "temperature":     298.150000000000,
   "unit": "hartree",
   "energy":     -32.436916912594,
   "free energy":     -32.266462457203,
   "G(T)":       0.170454455391,
   "ZPVE":       0.208717063945,
   "number of imags":0,
   "point group": "c1",
   "gradient norm":       0.000031706265
}
