{
   "temperature":     298.150000000000,
   "unit": "hartree",
   "energy":     -25.241379057241,
   "free energy":     -25.140888323716,
   "G(T)":       0.100490733526,
   "ZPVE":       0.133510557177,
   "number of imags":0,
   "point group": "cs",
   "gradient norm":       0.000027206890
}
