{
   "temperature":     298.150000000000,
   "unit": "hartree",
   "energy":     -32.436436272522,
   "free energy":     -32.264628566928,
   "G(T)":       0.171807705594,
   "ZPVE":       0.208860448581,
   "number of imags":0,
   "point group": "cs",
   "gradient norm":       0.000037295262
}
