{
    "partname": "prescreening",
    "runtime": 30.86822199600283,
    "results": {
        "CONF6": {
            "sp": {
                "energy": -464.842642165358
            },
            "gtot": -464.842642165358,
            "bmw": 0.027091749828407712
        },
        "CONF9": {
            "sp": {
                "energy": -464.835328069229
            },
            "gtot": -464.835328069229,
            "bmw": 1.1710777067628812e-05
        },
        "CONF4": {
            "sp": {
                "energy": -464.843007461801
            },
            "gtot": -464.843007461801,
            "bmw": 0.039889793635300964
        },
        "CONF5": {
            "sp": {
                "energy": -464.841494474201
            },
            "gtot": -464.841494474201,
            "bmw": 0.00803407101340167
        },
        "CONF1": {
            "sp": {
                "energy": -464.845750714401
            },
            "gtot": -464.845750714401,
            "bmw": 0.7289045178561048
        },
        "CONF8": {
            "sp": {
                "energy": -464.842695904648
            },
            "gtot": -464.842695904648,
            "bmw": 0.028678433087464796
        },
        "CONF7": {
            "sp": {
                "energy": -464.842752302428
            },
            "gtot": -464.842752302428,
            "bmw": 0.030443641708434603
        },
        "CONF3": {
            "sp": {
                "energy": -464.843365050941
            },
            "gtot": -464.843365050941,
            "bmw": 0.05825610019283185
        },
        "CONF2": {
            "sp": {
                "energy": -464.843648935888
            },
            "gtot": -464.843648935888,
            "bmw": 0.07868998190098589
        }
    },
    "settings": {
        "threshold": 4.0,
        "func": "pbe-d4",
        "basis": "def2-sv(p)",
        "prog": "orca",
        "gfnv": "gfn2",
        "run": true,
        "template": false
    },
    "nconf_in": 9,
    "nconf_out": 8
}