{
    "partname": "screening",
    "runtime": 70.17956919001881,
    "results": {
        "CONF4": {
            "sp": {
                "energy": -465.792713272542
            },
            "gtot": -465.792713272542,
            "bmw": 0.05124853489551345
        },
        "CONF3": {
            "sp": {
                "energy": -465.792638910265
            },
            "gtot": -465.792638910265,
            "bmw": 0.04736714123731336
        },
        "CONF7": {
            "sp": {
                "energy": -465.791344543221
            },
            "gtot": -465.791344543221,
            "bmw": 0.012025677309191669
        },
        "CONF6": {
            "sp": {
                "energy": -465.79129417431
            },
            "gtot": -465.79129417431,
            "bmw": 0.011400960754169463
        },
        "CONF1": {
            "sp": {
                "energy": -465.795123189056
            },
            "gtot": -465.795123189056,
            "bmw": 0.6579097467095278
        },
        "CONF8": {
            "sp": {
                "energy": -465.791305753237
            },
            "gtot": -465.791305753237,
            "bmw": 0.011541636399509716
        },
        "CONF2": {
            "sp": {
                "energy": -465.794007430842
            },
            "gtot": -465.794007430842,
            "bmw": 0.2018148256086265
        },
        "CONF5": {
            "sp": {
                "energy": -465.790791053713
            },
            "gtot": -465.790791053713,
            "bmw": 0.006691477086148005
        }
    },
    "settings": {
        "threshold": 3.5,
        "func": "r2scan-3c",
        "basis": "def2-tzvp",
        "prog": "orca",
        "sm": "smd",
        "gfnv": "gfn2",
        "run": true,
        "implicit": false,
        "template": false
    },
    "nconf_in": 8,
    "nconf_out": 8
}