{
    "partname": "prescreening",
    "runtime": 11.537992719910108,
    "results": {
        "CONF1": {
            "sp": {
                "energy": -419.927876425005
            },
            "gtot": -419.927876425005,
            "bmw": 0.5144769839887077
        },
        "CONF2": {
            "sp": {
                "energy": -419.927821733984
            },
            "gtot": -419.927821733984,
            "bmw": 0.4855230160112924
        }
    },
    "settings": {
        "threshold": 4.0,
        "func": "pbe-d4",
        "basis": "def2-sv(p)",
        "prog": "orca",
        "gfnv": "gfn2",
        "run": true,
        "template": false
    },
    "nconf_in": 2,
    "nconf_out": 2
}