{
   "temperature":     298.150000000000,
   "unit": "hartree",
   "energy":     -26.287172097708,
   "free energy":     -26.164616924254,
   "G(T)":       0.122555173455,
   "ZPVE":       0.157071484193,
   "number of imags":0,
   "point group": "c1",
   "gradient norm":       0.000021811699
}
