{
   "temperature":     298.150000000000,
   "unit": "hartree",
   "energy":     -30.357237561446,
   "free energy":     -30.233005319456,
   "G(T)":       0.124232241990,
   "ZPVE":       0.159969341644,
   "number of imags":0,
   "point group": "c1",
   "gradient norm":       0.000188763973
}
