{
    "partname": "prescreening",
    "runtime": 24.73154986894224,
    "results": {
        "CONF2": {
            "sp": {
                "energy": -1083.937500293361
            },
            "gtot": -1083.937500293361,
            "bmw": 0.06622894757442585
        },
        "CONF1": {
            "sp": {
                "energy": -1083.939998710971
            },
            "gtot": -1083.939998710971,
            "bmw": 0.9337710524255741
        }
    },
    "settings": {
        "threshold": 4.0,
        "func": "pbe-d4",
        "basis": "def2-sv(p)",
        "prog": "orca",
        "gfnv": "gfn2",
        "run": true,
        "template": false
    },
    "nconf_in": 2,
    "nconf_out": 2
}