{
   "temperature":     298.150000000000,
   "unit": "hartree",
   "energy":     -24.327863773693,
   "free energy":     -24.203794519465,
   "G(T)":       0.124069254228,
   "ZPVE":       0.157276665101,
   "number of imags":0,
   "point group": "c1",
   "gradient norm":       0.000029853812
}
