{
   "temperature":     298.150000000000,
   "unit": "hartree",
   "energy":     -22.151133497280,
   "free energy":     -21.985294155168,
   "G(T)":       0.165839342112,
   "ZPVE":       0.196343006344,
   "number of imags":0,
   "point group": "cs",
   "gradient norm":       0.000050506772
}
