{
   "temperature":     298.150000000000,
   "unit": "hartree",
   "energy":     -20.787000939606,
   "free energy":     -20.705921966606,
   "G(T)":       0.081078973000,
   "ZPVE":       0.114933890144,
   "number of imags":0,
   "point group": "c1",
   "gradient norm":       0.000023481971
}
