{
   "temperature":     298.150000000000,
   "unit": "hartree",
   "energy":     -43.364357188252,
   "free energy":     -43.211374428259,
   "G(T)":       0.152982759993,
   "ZPVE":       0.189349014622,
   "number of imags":0,
   "point group": "c1",
   "gradient norm":       0.000115624102
}
