{
   "temperature":     298.150000000000,
   "unit": "hartree",
   "energy":     -23.157716168313,
   "free energy":     -22.975955863516,
   "G(T)":       0.181760304796,
   "ZPVE":       0.215095492026,
   "number of imags":0,
   "point group": "c1",
   "gradient norm":       0.000043817723
}
