{
    "partname": "prescreening",
    "runtime": 4.19103893393185,
    "results": {
        "CONF6": {
            "sp": {
                "energy": -233.092870215829
            },
            "gtot": -233.092870215829,
            "bmw": 0.14436310929295837
        },
        "CONF5": {
            "sp": {
                "energy": -233.092312344951
            },
            "gtot": -233.092312344951,
            "bmw": 0.07995642830375184
        },
        "CONF7": {
            "sp": {
                "energy": -233.092494832231
            },
            "gtot": -233.092494832231,
            "bmw": 0.09700446487616947
        },
        "CONF1": {
            "sp": {
                "energy": -233.093385329873
            },
            "gtot": -233.093385329873,
            "bmw": 0.2491106452472713
        },
        "CONF9": {
            "sp": {
                "energy": -233.091873133268
            },
            "gtot": -233.091873133268,
            "bmw": 0.050214598638395204
        },
        "CONF3": {
            "sp": {
                "energy": -233.092023718903
            },
            "gtot": -233.092023718903,
            "bmw": 0.05889719248476576
        },
        "CONF2": {
            "sp": {
                "energy": -233.092310967428
            },
            "gtot": -233.092310967428,
            "bmw": 0.07983986041364696
        },
        "CONF4": {
            "sp": {
                "energy": -233.093081292348
            },
            "gtot": -233.093081292348,
            "bmw": 0.18052805599584634
        },
        "CONF8": {
            "sp": {
                "energy": -233.092042581366
            },
            "gtot": -233.092042581366,
            "bmw": 0.06008564474719491
        }
    },
    "settings": {
        "threshold": 4.0,
        "func": "pbe-d4",
        "basis": "def2-sv(p)",
        "prog": "orca",
        "gfnv": "gfn2",
        "run": true,
        "template": false
    },
    "nconf_in": 9,
    "nconf_out": 9
}