{
    "partname": "screening",
    "runtime": 10.633500866009854,
    "results": {
        "CONF3": {
            "sp": {
                "energy": -233.60320447494
            },
            "gtot": -233.60320447494,
            "bmw": 0.053720755597839114
        },
        "CONF6": {
            "sp": {
                "energy": -233.604338071013
            },
            "gtot": -233.604338071013,
            "bmw": 0.1784679409625515
        },
        "CONF2": {
            "sp": {
                "energy": -233.603561362612
            },
            "gtot": -233.603561362612,
            "bmw": 0.07839693403967786
        },
        "CONF5": {
            "sp": {
                "energy": -233.603663011216
            },
            "gtot": -233.603663011216,
            "bmw": 0.08730803220578219
        },
        "CONF1": {
            "sp": {
                "energy": -233.604342312405
            },
            "gtot": -233.604342312405,
            "bmw": 0.17927144470701997
        },
        "CONF8": {
            "sp": {
                "energy": -233.603401624053
            },
            "gtot": -233.603401624053,
            "bmw": 0.06619488429662265
        },
        "CONF9": {
            "sp": {
                "energy": -233.603313824534
            },
            "gtot": -233.603313824534,
            "bmw": 0.06031695991029849
        },
        "CONF7": {
            "sp": {
                "energy": -233.603931887687
            },
            "gtot": -233.603931887687,
            "bmw": 0.11607236029232668
        },
        "CONF4": {
            "sp": {
                "energy": -233.604347455832
            },
            "gtot": -233.604347455832,
            "bmw": 0.18025068798788155
        }
    },
    "settings": {
        "threshold": 3.5,
        "func": "r2scan-3c",
        "basis": "def2-tzvp",
        "prog": "orca",
        "sm": "smd",
        "gfnv": "gfn2",
        "run": true,
        "implicit": false,
        "template": false
    },
    "nconf_in": 9,
    "nconf_out": 9
}