{
   "temperature":     298.150000000000,
   "unit": "hartree",
   "energy":     -26.287626281645,
   "free energy":     -26.163468409078,
   "G(T)":       0.124157872568,
   "ZPVE":       0.157229727728,
   "number of imags":0,
   "point group": "c1",
   "gradient norm":       0.000033460870
}
