{
   "temperature":     298.150000000000,
   "unit": "hartree",
   "energy":     -28.348606596809,
   "free energy":     -28.177955624212,
   "G(T)":       0.170650972597,
   "ZPVE":       0.204633136940,
   "number of imags":0,
   "point group": "c1",
   "gradient norm":       0.000042770642
}
