{
    "partname": "prescreening",
    "runtime": 15.298553821980022,
    "results": {
        "CONF1": {
            "sp": {
                "energy": -423.284244302531
            },
            "gtot": -423.284244302531,
            "bmw": 0.986337504482398
        },
        "CONF2": {
            "sp": {
                "energy": -423.280203815224
            },
            "gtot": -423.280203815224,
            "bmw": 0.013662495517601882
        }
    },
    "settings": {
        "threshold": 4.0,
        "func": "pbe-d4",
        "basis": "def2-sv(p)",
        "prog": "orca",
        "gfnv": "gfn2",
        "run": true,
        "template": false
    },
    "nconf_in": 2,
    "nconf_out": 2
}