{
   "temperature":     298.150000000000,
   "unit": "hartree",
   "energy":     -17.726198559226,
   "free energy":     -17.621750614078,
   "G(T)":       0.104447945148,
   "ZPVE":       0.134342636689,
   "number of imags":0,
   "point group": "c1",
   "gradient norm":       0.000045026992
}
