{
   "temperature":     298.150000000000,
   "unit": "hartree",
   "energy":     -19.994778471272,
   "free energy":     -19.839165329956,
   "G(T)":       0.155613141316,
   "ZPVE":       0.186833825380,
   "number of imags":0,
   "point group": "c2",
   "gradient norm":       0.000056375686
}
