{
   "temperature":     298.150000000000,
   "unit": "hartree",
   "energy":     -35.714475465079,
   "free energy":     -35.468762075872,
   "G(T)":       0.245713389206,
   "ZPVE":       0.283340292980,
   "number of imags":0,
   "point group": "c1",
   "gradient norm":       0.000019255988
}
