{
    "partname": "prescreening",
    "runtime": 13.187043047975749,
    "results": {
        "CONF1": {
            "sp": {
                "energy": -307.031696281725
            },
            "gtot": -307.031696281725,
            "bmw": 0.19843164168940275
        },
        "CONF4": {
            "sp": {
                "energy": -307.031485231911
            },
            "gtot": -307.031485231911,
            "bmw": 0.1586845814660517
        },
        "CONF3": {
            "sp": {
                "energy": -307.03177157801
            },
            "gtot": -307.03177157801,
            "bmw": 0.21490415840495242
        },
        "CONF5": {
            "sp": {
                "energy": -307.031747914255
            },
            "gtot": -307.031747914255,
            "bmw": 0.20958502333366458
        },
        "CONF2": {
            "sp": {
                "energy": -307.031786790078
            },
            "gtot": -307.031786790078,
            "bmw": 0.21839459510592857
        }
    },
    "settings": {
        "threshold": 4.0,
        "func": "pbe-d4",
        "basis": "def2-sv(p)",
        "prog": "orca",
        "gfnv": "gfn2",
        "run": true,
        "template": false
    },
    "nconf_in": 5,
    "nconf_out": 5
}