{
    "partname": "screening",
    "runtime": 27.144342566956766,
    "results": {
        "CONF4": {
            "sp": {
                "energy": -307.637647459555
            },
            "gtot": -307.637647459555,
            "bmw": 0.13261024475293315
        },
        "CONF5": {
            "sp": {
                "energy": -307.638106424948
            },
            "gtot": -307.638106424948,
            "bmw": 0.21561876003534014
        },
        "CONF3": {
            "sp": {
                "energy": -307.638120993451
            },
            "gtot": -307.638120993451,
            "bmw": 0.2189714991753124
        },
        "CONF2": {
            "sp": {
                "energy": -307.63813547077
            },
            "gtot": -307.63813547077,
            "bmw": 0.22235489650094128
        },
        "CONF1": {
            "sp": {
                "energy": -307.638083491276
            },
            "gtot": -307.638083491276,
            "bmw": 0.21044459953547312
        }
    },
    "settings": {
        "threshold": 3.5,
        "func": "r2scan-3c",
        "basis": "def2-tzvp",
        "prog": "orca",
        "sm": "smd",
        "gfnv": "gfn2",
        "run": true,
        "implicit": false,
        "template": false
    },
    "nconf_in": 5,
    "nconf_out": 5
}