{
   "temperature":     298.150000000000,
   "unit": "hartree",
   "energy":     -32.436913797846,
   "free energy":     -32.266082400797,
   "G(T)":       0.170831397049,
   "ZPVE":       0.208725106140,
   "number of imags":0,
   "point group": "c1",
   "gradient norm":       0.000095979036
}
