{
   "temperature":     298.150000000000,
   "unit": "hartree",
   "energy":     -28.347966456306,
   "free energy":     -28.178402418711,
   "G(T)":       0.169564037594,
   "ZPVE":       0.204531083348,
   "number of imags":0,
   "point group": "c1",
   "gradient norm":       0.000032031898
}
