{
   "temperature":     298.150000000000,
   "unit": "hartree",
   "energy":     -29.333219211191,
   "free energy":     -29.230623127434,
   "G(T)":       0.102596083756,
   "ZPVE":       0.138166054350,
   "number of imags":0,
   "point group": "cs",
   "gradient norm":       0.000069646266
}
