{
   "temperature":     298.150000000000,
   "unit": "hartree",
   "energy":     -42.381096058305,
   "free energy":     -42.222792562231,
   "G(T)":       0.158303496075,
   "ZPVE":       0.199665262719,
   "number of imags":0,
   "point group": "c1",
   "gradient norm":       0.000050993696
}
