{
   "temperature":     298.150000000000,
   "unit": "hartree",
   "energy":     -34.680839748963,
   "free energy":     -34.457855176862,
   "G(T)":       0.222984572100,
   "ZPVE":       0.260345957213,
   "number of imags":0,
   "point group": "c1",
   "gradient norm":       0.000031006351
}
