{
   "temperature":     298.150000000000,
   "unit": "hartree",
   "energy":     -32.435684227126,
   "free energy":     -32.263719250011,
   "G(T)":       0.171964977115,
   "ZPVE":       0.208804947734,
   "number of imags":0,
   "point group": "c1",
   "gradient norm":       0.000068728103
}
