{
    "partname": "prescreening",
    "runtime": 3.1396543119335547,
    "results": {
        "CONF2": {
            "sp": {
                "energy": -552.523567987125
            },
            "gtot": -552.523567987125,
            "bmw": 0.013029569630555994
        },
        "CONF3": {
            "sp": {
                "energy": -552.518316498796
            },
            "gtot": -552.518316498796,
            "bmw": 5.0050986748272627e-05
        },
        "CONF1": {
            "sp": {
                "energy": -552.527653817856
            },
            "gtot": -552.527653817856,
            "bmw": 0.9869203793826957
        }
    },
    "settings": {
        "threshold": 4.0,
        "func": "pbe-d4",
        "basis": "def2-sv(p)",
        "prog": "orca",
        "gfnv": "gfn2",
        "run": true,
        "template": false
    },
    "nconf_in": 3,
    "nconf_out": 2
}