{
   "temperature":     298.150000000000,
   "unit": "hartree",
   "energy":     -13.837498851872,
   "free energy":     -13.792558375486,
   "G(T)":       0.044940476387,
   "ZPVE":       0.075371661531,
   "number of imags":0,
   "point group": "c2",
   "gradient norm":       0.000018036273
}
