{
   "temperature":     298.150000000000,
   "unit": "hartree",
   "energy":     -17.623088835974,
   "free energy":     -17.564778308985,
   "G(T)":       0.058310526989,
   "ZPVE":       0.088303027066,
   "number of imags":0,
   "point group": "c1",
   "gradient norm":       0.000035160064
}
