{
   "temperature":     298.150000000000,
   "unit": "hartree",
   "energy":     -43.358820327220,
   "free energy":     -43.209138731780,
   "G(T)":       0.149681595439,
   "ZPVE":       0.188045723659,
   "number of imags":0,
   "point group": "c1",
   "gradient norm":       0.000072773414
}
