{
   "temperature":     298.150000000000,
   "unit": "hartree",
   "energy":     -17.724546828110,
   "free energy":     -17.620101256017,
   "G(T)":       0.104445572094,
   "ZPVE":       0.134169934795,
   "number of imags":0,
   "point group": "c1",
   "gradient norm":       0.000079292788
}
