{
    "partname": "prescreening",
    "runtime": 12.971458047046326,
    "results": {
        "CONF4": {
            "sp": {
                "energy": -231.917285582233
            },
            "gtot": -231.917285582233,
            "bmw": 0.017677171260576663
        },
        "CONF2": {
            "sp": {
                "energy": -231.92086773846
            },
            "gtot": -231.92086773846,
            "bmw": 0.7853994272666037
        },
        "CONF3": {
            "sp": {
                "energy": -231.918227277747
            },
            "gtot": -231.918227277747,
            "bmw": 0.04792506636180794
        },
        "CONF1": {
            "sp": {
                "energy": -231.919298262078
            },
            "gtot": -231.919298262078,
            "bmw": 0.14899833511101165
        }
    },
    "settings": {
        "threshold": 4.0,
        "func": "pbe-d4",
        "basis": "def2-sv(p)",
        "prog": "orca",
        "gfnv": "gfn2",
        "run": true,
        "template": false
    },
    "nconf_in": 4,
    "nconf_out": 4
}