{
    "partname": "screening",
    "runtime": 19.512630074983463,
    "results": {
        "CONF4": {
            "sp": {
                "energy": -232.391222883831
            },
            "gtot": -232.391222883831,
            "bmw": 0.024456084653252583
        },
        "CONF2": {
            "sp": {
                "energy": -232.394366815024
            },
            "gtot": -232.394366815024,
            "bmw": 0.6831171315576995
        },
        "CONF1": {
            "sp": {
                "energy": -232.393348380502
            },
            "gtot": -232.393348380502,
            "bmw": 0.2322992048037066
        },
        "CONF3": {
            "sp": {
                "energy": -232.392072261727
            },
            "gtot": -232.392072261727,
            "bmw": 0.06012757898534115
        }
    },
    "settings": {
        "threshold": 3.5,
        "func": "r2scan-3c",
        "basis": "def2-tzvp",
        "prog": "orca",
        "sm": "smd",
        "gfnv": "gfn2",
        "run": true,
        "implicit": false,
        "template": false
    },
    "nconf_in": 4,
    "nconf_out": 4
}