{
   "temperature":     298.150000000000,
   "unit": "hartree",
   "energy":     -17.725145361844,
   "free energy":     -17.620503262886,
   "G(T)":       0.104642098958,
   "ZPVE":       0.134323307082,
   "number of imags":0,
   "point group": "c1",
   "gradient norm":       0.000023032283
}
