{
   "temperature":     298.150000000000,
   "unit": "hartree",
   "energy":     -16.686160357513,
   "free energy":     -16.605311655046,
   "G(T)":       0.080848702467,
   "ZPVE":       0.110605509516,
   "number of imags":0,
   "point group": "c1",
   "gradient norm":       0.000090145439
}
