{
    "partname": "prescreening",
    "runtime": 8.998513538972475,
    "results": {
        "CONF1": {
            "sp": {
                "energy": -326.184899842404
            },
            "gtot": -326.184899842404,
            "bmw": 0.7633121761712548
        },
        "CONF2": {
            "sp": {
                "energy": -326.182943382448
            },
            "gtot": -326.182943382448,
            "bmw": 0.09611538346126824
        },
        "CONF3": {
            "sp": {
                "energy": -326.183302336166
            },
            "gtot": -326.183302336166,
            "bmw": 0.14057244036747696
        }
    },
    "settings": {
        "threshold": 4.0,
        "func": "pbe-d4",
        "basis": "def2-sv(p)",
        "prog": "orca",
        "gfnv": "gfn2",
        "run": true,
        "template": false
    },
    "nconf_in": 3,
    "nconf_out": 3
}