{
    "partname": "screening",
    "runtime": 17.61932214605622,
    "results": {
        "CONF1": {
            "sp": {
                "energy": -326.823597041236
            },
            "gtot": -326.823597041236,
            "bmw": 0.7376167551524272
        },
        "CONF2": {
            "sp": {
                "energy": -326.821599642844
            },
            "gtot": -326.821599642844,
            "bmw": 0.08893876793511166
        },
        "CONF3": {
            "sp": {
                "energy": -326.822230272072
            },
            "gtot": -326.822230272072,
            "bmw": 0.17344447691246112
        }
    },
    "settings": {
        "threshold": 3.5,
        "func": "r2scan-3c",
        "basis": "def2-tzvp",
        "prog": "orca",
        "sm": "smd",
        "gfnv": "gfn2",
        "run": true,
        "implicit": false,
        "template": false
    },
    "nconf_in": 3,
    "nconf_out": 3
}