{
    "partname": "prescreening",
    "runtime": 58.31106657302007,
    "results": {
        "CONF21": {
            "sp": {
                "energy": -196.025953799034
            },
            "gtot": -196.025953799034,
            "bmw": 0.0016923387671077693
        },
        "CONF1": {
            "sp": {
                "energy": -196.031076417711
            },
            "gtot": -196.031076417711,
            "bmw": 0.38435168865506963
        },
        "CONF3": {
            "sp": {
                "energy": -196.029411063602
            },
            "gtot": -196.029411063602,
            "bmw": 0.06587474198577133
        },
        "CONF7": {
            "sp": {
                "energy": -196.029137532253
            },
            "gtot": -196.029137532253,
            "bmw": 0.04930639104474891
        },
        "CONF6": {
            "sp": {
                "energy": -196.028674144057
            },
            "gtot": -196.028674144057,
            "bmw": 0.030182791215701662
        },
        "CONF22": {
            "sp": {
                "energy": -196.025012361583
            },
            "gtot": -196.025012361583,
            "bmw": 0.0006243901603289409
        },
        "CONF17": {
            "sp": {
                "energy": -196.029289507487
            },
            "gtot": -196.029289507487,
            "bmw": 0.05791712355761083
        },
        "CONF12": {
            "sp": {
                "energy": -196.028785381859
            },
            "gtot": -196.028785381859,
            "bmw": 0.033956681937660216
        },
        "CONF20": {
            "sp": {
                "energy": -196.025671894028
            },
            "gtot": -196.025671894028,
            "bmw": 0.0012555094214508878
        },
        "CONF5": {
            "sp": {
                "energy": -196.028133838138
            },
            "gtot": -196.028133838138,
            "bmw": 0.017030832586555442
        },
        "CONF8": {
            "sp": {
                "energy": -196.028859876277
            },
            "gtot": -196.028859876277,
            "bmw": 0.03674432783097487
        },
        "CONF10": {
            "sp": {
                "energy": -196.028382343387
            },
            "gtot": -196.028382343387,
            "bmw": 0.022158501237621434
        },
        "CONF13": {
            "sp": {
                "energy": -196.028891814513
            },
            "gtot": -196.028891814513,
            "bmw": 0.03800851297629194
        },
        "CONF15": {
            "sp": {
                "energy": -196.028605965982
            },
            "gtot": -196.028605965982,
            "bmw": 0.02808016502764695
        },
        "CONF19": {
            "sp": {
                "energy": -196.025183720792
            },
            "gtot": -196.025183720792,
            "bmw": 0.0007486448314642696
        },
        "CONF11": {
            "sp": {
                "energy": -196.028331829296
            },
            "gtot": -196.028331829296,
            "bmw": 0.021004169224437475
        },
        "CONF9": {
            "sp": {
                "energy": -196.028312663133
            },
            "gtot": -196.028312663133,
            "bmw": 0.020582099996967012
        },
        "CONF18": {
            "sp": {
                "energy": -196.025105477116
            },
            "gtot": -196.025105477116,
            "bmw": 0.0006891063166981934
        },
        "CONF16": {
            "sp": {
                "energy": -196.028727918896
            },
            "gtot": -196.028727918896,
            "bmw": 0.03195171055617494
        },
        "CONF4": {
            "sp": {
                "energy": -196.029149503627
            },
            "gtot": -196.029149503627,
            "bmw": 0.04993553033495905
        },
        "CONF14": {
            "sp": {
                "energy": -196.028448002015
            },
            "gtot": -196.028448002015,
            "bmw": 0.023754246588206317
        },
        "CONF2": {
            "sp": {
                "energy": -196.029642248629
            },
            "gtot": -196.029642248629,
            "bmw": 0.08415049574655213
        }
    },
    "settings": {
        "threshold": 4.0,
        "func": "pbe-d4",
        "basis": "def2-sv(p)",
        "prog": "orca",
        "gfnv": "gfn2",
        "run": true,
        "template": false
    },
    "nconf_in": 22,
    "nconf_out": 22
}