{
    "partname": "screening",
    "runtime": 10.59792871098034,
    "results": {
        "CONF12": {
            "sp": {
                "energy": -196.458932218365
            },
            "gtot": -196.458932218365,
            "bmw": 0.04476772838132796
        },
        "CONF4": {
            "sp": {
                "energy": -196.459264206705
            },
            "gtot": -196.459264206705,
            "bmw": 0.06363105500716597
        },
        "CONF11": {
            "sp": {
                "energy": -196.458464279048
            },
            "gtot": -196.458464279048,
            "bmw": 0.027272683399461543
        },
        "CONF13": {
            "sp": {
                "energy": -196.458971060916
            },
            "gtot": -196.458971060916,
            "bmw": 0.04664782450836694
        },
        "CONF20": {
            "sp": {
                "energy": -196.45437993602
            },
            "gtot": -196.45437993602,
            "bmw": 0.0003606285627399641
        },
        "CONF3": {
            "sp": {
                "energy": -196.4594418374
            },
            "gtot": -196.4594418374,
            "bmw": 0.07680218715942246
        },
        "CONF5": {
            "sp": {
                "energy": -196.458295110754
            },
            "gtot": -196.458295110754,
            "bmw": 0.02279900227362806
        },
        "CONF1": {
            "sp": {
                "energy": -196.460541682666
            },
            "gtot": -196.460541682666,
            "bmw": 0.24618829008637255
        },
        "CONF15": {
            "sp": {
                "energy": -196.458728193427
            },
            "gtot": -196.458728193427,
            "bmw": 0.036067835676442506
        },
        "CONF2": {
            "sp": {
                "energy": -196.459556652824
            },
            "gtot": -196.459556652824,
            "bmw": 0.08673313159715426
        },
        "CONF18": {
            "sp": {
                "energy": -196.453930126516
            },
            "gtot": -196.453930126516,
            "bmw": 0.0002239556744768285
        },
        "CONF22": {
            "sp": {
                "energy": -196.45372943126
            },
            "gtot": -196.45372943126,
            "bmw": 0.0001810708928617769
        },
        "CONF9": {
            "sp": {
                "energy": -196.458485662762
            },
            "gtot": -196.458485662762,
            "bmw": 0.027897398009457397
        },
        "CONF10": {
            "sp": {
                "energy": -196.458610061085
            },
            "gtot": -196.458610061085,
            "bmw": 0.03182606653198585
        },
        "CONF8": {
            "sp": {
                "energy": -196.458980891107
            },
            "gtot": -196.458980891107,
            "bmw": 0.047136026512403346
        },
        "CONF14": {
            "sp": {
                "energy": -196.458593343589
            },
            "gtot": -196.458593343589,
            "bmw": 0.031267521017294415
        },
        "CONF17": {
            "sp": {
                "energy": -196.459272438285
            },
            "gtot": -196.459272438285,
            "bmw": 0.06418822830474182
        },
        "CONF21": {
            "sp": {
                "energy": -196.454548406322
            },
            "gtot": -196.454548406322,
            "bmw": 0.00043107327199726756
        },
        "CONF16": {
            "sp": {
                "energy": -196.458982724679
            },
            "gtot": -196.458982724679,
            "bmw": 0.04722765197091474
        },
        "CONF6": {
            "sp": {
                "energy": -196.458669089325
            },
            "gtot": -196.458669089325,
            "bmw": 0.03387927260047251
        },
        "CONF19": {
            "sp": {
                "energy": -196.454051530552
            },
            "gtot": -196.454051530552,
            "bmw": 0.0002546854073318872
        },
        "CONF7": {
            "sp": {
                "energy": -196.459272856752
            },
            "gtot": -196.459272856752,
            "bmw": 0.06421668315398005
        }
    },
    "settings": {
        "threshold": 3.5,
        "func": "r2scan-3c",
        "basis": "def2-tzvp",
        "prog": "orca",
        "sm": "smd",
        "gfnv": "gfn2",
        "run": true,
        "implicit": false,
        "template": false
    },
    "nconf_in": 22,
    "nconf_out": 22
}