{
   "temperature":     298.150000000000,
   "unit": "hartree",
   "energy":     -16.988252627696,
   "free energy":     -16.925984686904,
   "G(T)":       0.062267940792,
   "ZPVE":       0.092289412727,
   "number of imags":0,
   "point group": "cs",
   "gradient norm":       0.000016144220
}
