{
   "temperature":     298.150000000000,
   "unit": "hartree",
   "energy":     -32.436917656184,
   "free energy":     -32.266605054992,
   "G(T)":       0.170312601192,
   "ZPVE":       0.208717698897,
   "number of imags":0,
   "point group": "cs",
   "gradient norm":       0.000033049989
}
