{
   "temperature":     298.150000000000,
   "unit": "hartree",
   "energy":     -30.277876359268,
   "free energy":     -30.250386851790,
   "G(T)":       0.027489507478,
   "ZPVE":       0.063085293151,
   "number of imags":0,
   "point group": "c1",
   "gradient norm":       0.000039686914
}
