{
   "temperature":     298.150000000000,
   "unit": "hartree",
   "energy":     -26.156082326673,
   "free energy":     -26.077427731409,
   "G(T)":       0.078654595264,
   "ZPVE":       0.110210580377,
   "number of imags":0,
   "point group": "cs",
   "gradient norm":       0.000034001315
}
