{
   "temperature":     298.150000000000,
   "unit": "hartree",
   "energy":     -10.571548970841,
   "free energy":     -10.524104169845,
   "G(T)":       0.047444800996,
   "ZPVE":       0.074015164197,
   "number of imags":0,
   "point group": "c2v",
   "gradient norm":       0.000026162524
}
