{
   "temperature":     298.150000000000,
   "unit": "hartree",
   "energy":     -30.416314707270,
   "free energy":     -30.346157610575,
   "G(T)":       0.070157096696,
   "ZPVE":       0.103725183867,
   "number of imags":0,
   "point group": "cs",
   "gradient norm":       0.000017296776
}
