{
   "temperature":     298.150000000000,
   "unit": "hartree",
   "energy":     -43.356554350407,
   "free energy":     -43.206937224522,
   "G(T)":       0.149617125885,
   "ZPVE":       0.187920033218,
   "number of imags":0,
   "point group": "c1",
   "gradient norm":       0.000044867028
}
