{
   "temperature":     298.150000000000,
   "unit": "hartree",
   "energy":     -26.145824138888,
   "free energy":     -26.068457330947,
   "G(T)":       0.077366807941,
   "ZPVE":       0.109657290174,
   "number of imags":0,
   "point group": "cs",
   "gradient norm":       0.000085034744
}
