{
   "temperature":     298.150000000000,
   "unit": "hartree",
   "energy":     -27.187138251522,
   "free energy":     -27.087012847934,
   "G(T)":       0.100125403588,
   "ZPVE":       0.132823681304,
   "number of imags":0,
   "point group": "cs",
   "gradient norm":       0.000019218163
}
