{
   "temperature":     298.150000000000,
   "unit": "hartree",
   "energy":     -21.651980239936,
   "free energy":     -21.608401612587,
   "G(T)":       0.043578627349,
   "ZPVE":       0.077418213282,
   "number of imags":0,
   "point group": "c1",
   "gradient norm":       0.000040423147
}
