{
   "temperature":     298.150000000000,
   "unit": "hartree",
   "energy":     -23.103507672285,
   "free energy":     -23.007487088274,
   "G(T)":       0.096020584011,
   "ZPVE":       0.128506257327,
   "number of imags":0,
   "point group": "cs",
   "gradient norm":       0.000011498746
}
