{
   "temperature":     298.150000000000,
   "unit": "hartree",
   "energy":     -42.378380895533,
   "free energy":     -42.220008494645,
   "G(T)":       0.158372400888,
   "ZPVE":       0.199412259479,
   "number of imags":0,
   "point group": "c1",
   "gradient norm":       0.000033984050
}
