{
   "temperature":     298.150000000000,
   "unit": "hartree",
   "energy":     -27.240856993619,
   "free energy":     -27.191229582360,
   "G(T)":       0.049627411259,
   "ZPVE":       0.081575144443,
   "number of imags":0,
   "point group": "c1",
   "gradient norm":       0.000027034843
}
