{
    "partname": "prescreening",
    "runtime": 14.80857544299215,
    "results": {
        "CONF1": {
            "sp": {
                "energy": -1916.692946767064
            },
            "gtot": -1916.692946767064,
            "bmw": 0.48599748039710694
        },
        "CONF2": {
            "sp": {
                "energy": -1916.692999664704
            },
            "gtot": -1916.692999664704,
            "bmw": 0.5140025196028931
        }
    },
    "settings": {
        "threshold": 4.0,
        "func": "pbe-d4",
        "basis": "def2-sv(p)",
        "prog": "orca",
        "gfnv": "gfn2",
        "run": true,
        "template": false
    },
    "nconf_in": 2,
    "nconf_out": 2
}