{
   "temperature":     298.150000000000,
   "unit": "hartree",
   "energy":     -14.947451743050,
   "free energy":     -14.922596013141,
   "G(T)":       0.024855729909,
   "ZPVE":       0.055302320911,
   "number of imags":0,
   "point group": "c1",
   "gradient norm":       0.000023935615
}
