{
   "temperature":     298.150000000000,
   "unit": "hartree",
   "energy":     -22.780139404733,
   "free energy":     -22.726737869653,
   "G(T)":       0.053401535081,
   "ZPVE":       0.086051990857,
   "number of imags":0,
   "point group": "cs",
   "gradient norm":       0.000058472310
}
