{
   "temperature":     298.150000000000,
   "unit": "hartree",
   "energy":     -25.383951363412,
   "free energy":     -25.236605126717,
   "G(T)":       0.147346236695,
   "ZPVE":       0.181032356336,
   "number of imags":0,
   "point group": "c1",
   "gradient norm":       0.000028072788
}
