{
   "temperature":     298.150000000000,
   "unit": "hartree",
   "energy":     -43.371069032376,
   "free energy":     -43.218786510013,
   "G(T)":       0.152282522362,
   "ZPVE":       0.188955890261,
   "number of imags":0,
   "point group": "c1",
   "gradient norm":       0.000046655866
}
