{
   "temperature":     298.150000000000,
   "unit": "hartree",
   "energy":     -33.634168066366,
   "free energy":     -33.435587607712,
   "G(T)":       0.198580458654,
   "ZPVE":       0.236215895662,
   "number of imags":0,
   "point group": "c1",
   "gradient norm":       0.000026039527
}
