{
   "temperature":     298.150000000000,
   "unit": "hartree",
   "energy":     -22.751727077121,
   "free energy":     -22.655306859572,
   "G(T)":       0.096420217549,
   "ZPVE":       0.129214944325,
   "number of imags":0,
   "point group": "c1",
   "gradient norm":       0.000101165626
}
