{
   "temperature":     298.150000000000,
   "unit": "hartree",
   "energy":     -22.339966723617,
   "free energy":     -22.277180428481,
   "G(T)":       0.062786295136,
   "ZPVE":       0.093812328639,
   "number of imags":0,
   "point group": "cs",
   "gradient norm":       0.000014103778
}
