{
   "temperature":     298.150000000000,
   "unit": "hartree",
   "energy":     -15.770930608742,
   "free energy":     -15.665597146515,
   "G(T)":       0.105333462227,
   "ZPVE":       0.134784274372,
   "number of imags":0,
   "point group": "c1",
   "gradient norm":       0.000045114360
}
