{
   "temperature":     298.150000000000,
   "unit": "hartree",
   "energy":     -22.214839735383,
   "free energy":     -22.093857593684,
   "G(T)":       0.120982141699,
   "ZPVE":       0.153320144277,
   "number of imags":0,
   "point group": "cs",
   "gradient norm":       0.000026287024
}
