{
   "temperature":     298.150000000000,
   "unit": "hartree",
   "energy":     -19.496828103141,
   "free energy":     -19.381060806642,
   "G(T)":       0.115767296499,
   "ZPVE":       0.143692904600,
   "number of imags":0,
   "point group": "c2h",
   "gradient norm":       0.000028988954
}
