{
    "partname": "prescreening",
    "runtime": 6.042404250008985,
    "results": {
        "CONF5": {
            "sp": {
                "energy": -233.08811236842
            },
            "gtot": -233.08811236842,
            "bmw": 0.08412618544026317
        },
        "CONF7": {
            "sp": {
                "energy": -233.081243501242
            },
            "gtot": -233.081243501242,
            "bmw": 5.827348555880733e-05
        },
        "CONF3": {
            "sp": {
                "energy": -233.088926956813
            },
            "gtot": -233.088926956813,
            "bmw": 0.1993498539346453
        },
        "CONF4": {
            "sp": {
                "energy": -233.088743287411
            },
            "gtot": -233.088743287411,
            "bmw": 0.1641095462882417
        },
        "CONF2": {
            "sp": {
                "energy": -233.088955363722
            },
            "gtot": -233.088955363722,
            "bmw": 0.20543867031702018
        },
        "CONF6": {
            "sp": {
                "energy": -233.084481312183
            },
            "gtot": -233.084481312183,
            "bmw": 0.0017978809825334248
        },
        "CONF1": {
            "sp": {
                "energy": -233.089445152875
            },
            "gtot": -233.089445152875,
            "bmw": 0.34511958955173744
        }
    },
    "settings": {
        "threshold": 4.0,
        "func": "pbe-d4",
        "basis": "def2-sv(p)",
        "prog": "orca",
        "gfnv": "gfn2",
        "run": true,
        "template": false
    },
    "nconf_in": 7,
    "nconf_out": 6
}