{
    "partname": "screening",
    "runtime": 12.638212064048275,
    "results": {
        "CONF2": {
            "sp": {
                "energy": -233.600236536535
            },
            "gtot": -233.600236536535,
            "bmw": 0.22060743841787253
        },
        "CONF5": {
            "sp": {
                "energy": -233.59963334616
            },
            "gtot": -233.59963334616,
            "bmw": 0.11645865888873126
        },
        "CONF6": {
            "sp": {
                "energy": -233.595574871296
            },
            "gtot": -233.595574871296,
            "bmw": 0.0015827144465649923
        },
        "CONF4": {
            "sp": {
                "energy": -233.600203568632
            },
            "gtot": -233.600203568632,
            "bmw": 0.21303745543004468
        },
        "CONF1": {
            "sp": {
                "energy": -233.600452616545
            },
            "gtot": -233.600452616545,
            "bmw": 0.2773384452558105
        },
        "CONF3": {
            "sp": {
                "energy": -233.599995896381
            },
            "gtot": -233.599995896381,
            "bmw": 0.17097528756097607
        }
    },
    "settings": {
        "threshold": 3.5,
        "func": "r2scan-3c",
        "basis": "def2-tzvp",
        "prog": "orca",
        "sm": "smd",
        "gfnv": "gfn2",
        "run": true,
        "implicit": false,
        "template": false
    },
    "nconf_in": 6,
    "nconf_out": 6
}