{
    "partname": "prescreening",
    "runtime": 8.985088307992555,
    "results": {
        "CONF20": {
            "sp": {
                "energy": -462.698846512147
            },
            "gtot": -462.698846512147,
            "bmw": 9.682420397477914e-06
        },
        "CONF4": {
            "sp": {
                "energy": -462.70757765874
            },
            "gtot": -462.70757765874,
            "bmw": 0.10046929934488304
        },
        "CONF1": {
            "sp": {
                "energy": -462.708460298587
            },
            "gtot": -462.708460298587,
            "bmw": 0.2558701363098264
        },
        "CONF10": {
            "sp": {
                "energy": -462.706926777165
            },
            "gtot": -462.706926777165,
            "bmw": 0.050425309529688614
        },
        "CONF12": {
            "sp": {
                "energy": -462.70595532448
            },
            "gtot": -462.70595532448,
            "bmw": 0.01802234371460334
        },
        "CONF25": {
            "sp": {
                "energy": -462.697876642413
            },
            "gtot": -462.697876642413,
            "bmw": 3.4663685650323615e-06
        },
        "CONF21": {
            "sp": {
                "energy": -462.69809930356
            },
            "gtot": -462.69809930356,
            "bmw": 4.388254186669575e-06
        },
        "CONF6": {
            "sp": {
                "energy": -462.706293080532
            },
            "gtot": -462.706293080532,
            "bmw": 0.025773197282654585
        },
        "CONF28": {
            "sp": {
                "energy": -462.697278386068
            },
            "gtot": -462.697278386068,
            "bmw": 1.839483374715079e-06
        },
        "CONF5": {
            "sp": {
                "energy": -462.707076966628
            },
            "gtot": -462.707076966628,
            "bmw": 0.059119526057043986
        },
        "CONF24": {
            "sp": {
                "energy": -462.698875935707
            },
            "gtot": -462.698875935707,
            "bmw": 9.988903923621743e-06
        },
        "CONF7": {
            "sp": {
                "energy": -462.707076370177
            },
            "gtot": -462.707076370177,
            "bmw": 0.0590821914135409
        },
        "CONF18": {
            "sp": {
                "energy": -462.698631604977
            },
            "gtot": -462.698631604977,
            "bmw": 7.711404410450326e-06
        },
        "CONF22": {
            "sp": {
                "energy": -462.698670672893
            },
            "gtot": -462.698670672893,
            "bmw": 8.037175967679966e-06
        },
        "CONF13": {
            "sp": {
                "energy": -462.705070448422
            },
            "gtot": -462.705070448422,
            "bmw": 0.007059865957324305
        },
        "CONF29": {
            "sp": {
                "energy": -462.696495619739
            },
            "gtot": -462.696495619739,
            "bmw": 8.028756349616891e-07
        },
        "CONF17": {
            "sp": {
                "energy": -462.702532102211
            },
            "gtot": -462.702532102211,
            "bmw": 0.0004799964414998134
        },
        "CONF8": {
            "sp": {
                "energy": -462.706736615021
            },
            "gtot": -462.706736615021,
            "bmw": 0.04122683936991398
        },
        "CONF15": {
            "sp": {
                "energy": -462.703675272497
            },
            "gtot": -462.703675272497,
            "bmw": 0.0016108679891952912
        },
        "CONF16": {
            "sp": {
                "energy": -462.704080642675
            },
            "gtot": -462.704080642675,
            "bmw": 0.002474670188498198
        },
        "CONF14": {
            "sp": {
                "energy": -462.705514608131
            },
            "gtot": -462.705514608131,
            "bmw": 0.011300451084380216
        },
        "CONF23": {
            "sp": {
                "energy": -462.698085937356
            },
            "gtot": -462.698085937356,
            "bmw": 4.326570129151027e-06
        },
        "CONF26": {
            "sp": {
                "energy": -462.696450791947
            },
            "gtot": -462.696450791947,
            "bmw": 7.656475928311548e-07
        },
        "CONF2": {
            "sp": {
                "energy": -462.708401453676
            },
            "gtot": -462.708401453676,
            "bmw": 0.24041015863541096
        },
        "CONF3": {
            "sp": {
                "energy": -462.707452523984
            },
            "gtot": -462.707452523984,
            "bmw": 0.08799852040341956
        },
        "CONF19": {
            "sp": {
                "energy": -462.697947685012
            },
            "gtot": -462.697947685012,
            "bmw": 3.737249317178998e-06
        },
        "CONF11": {
            "sp": {
                "energy": -462.705993051099
            },
            "gtot": -462.705993051099,
            "bmw": 0.018757040306439626
        },
        "CONF27": {
            "sp": {
                "energy": -462.695695992205
            },
            "gtot": -462.695695992205,
            "bmw": 3.4422711143757347e-07
        },
        "CONF30": {
            "sp": {
                "energy": -462.696779001597
            },
            "gtot": -462.696779001597,
            "bmw": 1.0839142114844854e-06
        },
        "CONF9": {
            "sp": {
                "energy": -462.706047162513
            },
            "gtot": -462.706047162513,
            "bmw": 0.019863411476854317
        }
    },
    "settings": {
        "threshold": 4.0,
        "func": "pbe-d4",
        "basis": "def2-sv(p)",
        "prog": "orca",
        "gfnv": "gfn2",
        "run": true,
        "template": false
    },
    "nconf_in": 30,
    "nconf_out": 17
}