{
    "partname": "screening",
    "runtime": 29.156325523974374,
    "results": {
        "CONF2": {
            "sp": {
                "energy": -463.637432175676
            },
            "gtot": -463.637432175676,
            "bmw": 0.29562995090555455
        },
        "CONF1": {
            "sp": {
                "energy": -463.637325971788
            },
            "gtot": -463.637325971788,
            "bmw": 0.26417883718921525
        },
        "CONF4": {
            "sp": {
                "energy": -463.636120101126
            },
            "gtot": -463.636120101126,
            "bmw": 0.07366071225491345
        },
        "CONF12": {
            "sp": {
                "energy": -463.634123121864
            },
            "gtot": -463.634123121864,
            "bmw": 0.008885646589825968
        },
        "CONF10": {
            "sp": {
                "energy": -463.635720349921
            },
            "gtot": -463.635720349921,
            "bmw": 0.04823508936054825
        },
        "CONF3": {
            "sp": {
                "energy": -463.635793120628
            },
            "gtot": -463.635793120628,
            "bmw": 0.05209970877518402
        },
        "CONF8": {
            "sp": {
                "energy": -463.635501351119
            },
            "gtot": -463.635501351119,
            "bmw": 0.03824992705933407
        },
        "CONF16": {
            "sp": {
                "energy": -463.632464822773
            },
            "gtot": -463.632464822773,
            "bmw": 0.001534349348874647
        },
        "CONF11": {
            "sp": {
                "energy": -463.634203122124
            },
            "gtot": -463.634203122124,
            "bmw": 0.00967133904418439
        },
        "CONF9": {
            "sp": {
                "energy": -463.634759191021
            },
            "gtot": -463.634759191021,
            "bmw": 0.01742852349208955
        },
        "CONF7": {
            "sp": {
                "energy": -463.636411333434
            },
            "gtot": -463.636411333434,
            "bmw": 0.10027519216837416
        },
        "CONF14": {
            "sp": {
                "energy": -463.633268276037
            },
            "gtot": -463.633268276037,
            "bmw": 0.0035932478412516186
        },
        "CONF6": {
            "sp": {
                "energy": -463.634738344923
            },
            "gtot": -463.634738344923,
            "bmw": 0.017047945754375873
        },
        "CONF15": {
            "sp": {
                "energy": -463.631681694008
            },
            "gtot": -463.631681694008,
            "bmw": 0.0006694373754034802
        },
        "CONF5": {
            "sp": {
                "energy": -463.636030385284
            },
            "gtot": -463.636030385284,
            "bmw": 0.06698375397795188
        },
        "CONF17": {
            "sp": {
                "energy": -463.629863851338
            },
            "gtot": -463.629863851338,
            "bmw": 9.762481111326569e-05
        },
        "CONF13": {
            "sp": {
                "energy": -463.632593681649
            },
            "gtot": -463.632593681649,
            "bmw": 0.0017587140518055126
        }
    },
    "settings": {
        "threshold": 3.5,
        "func": "r2scan-3c",
        "basis": "def2-tzvp",
        "prog": "orca",
        "sm": "smd",
        "gfnv": "gfn2",
        "run": true,
        "implicit": false,
        "template": false
    },
    "nconf_in": 17,
    "nconf_out": 17
}