{
   "temperature":     298.150000000000,
   "unit": "hartree",
   "energy":     -27.790254544469,
   "free energy":     -27.791480508250,
   "G(T)":      -0.001225963780,
   "ZPVE":       0.032283782794,
   "number of imags":0,
   "point group": "c1",
   "gradient norm":       0.000096614619
}
