{
   "temperature":     298.150000000000,
   "unit": "hartree",
   "energy":      -7.745509091842,
   "free energy":      -7.733188508979,
   "G(T)":       0.012320582863,
   "ZPVE":       0.036181501964,
   "number of imags":0,
   "point group": "c3v",
   "gradient norm":       0.000022971565
}
