{
   "temperature":     298.150000000000,
   "unit": "hartree",
   "energy":     -32.435685273382,
   "free energy":     -32.263767463314,
   "G(T)":       0.171917810068,
   "ZPVE":       0.208800247487,
   "number of imags":0,
   "point group": "c1",
   "gradient norm":       0.000063585658
}
