{
   "temperature":     298.150000000000,
   "unit": "hartree",
   "energy":     -25.315618304056,
   "free energy":     -25.122957893505,
   "G(T)":       0.192660410551,
   "ZPVE":       0.224238261015,
   "number of imags":0,
   "point group": "c2h",
   "gradient norm":       0.000020632748
}
