{
    "partname": "prescreening",
    "runtime": 26.29048841795884,
    "results": {
        "CONF2": {
            "sp": {
                "energy": -4136.515769359314
            },
            "gtot": -4136.515769359314,
            "bmw": 0.5085238511616024
        },
        "CONF1": {
            "sp": {
                "energy": -4136.515737163866
            },
            "gtot": -4136.515737163866,
            "bmw": 0.49147614883839763
        }
    },
    "settings": {
        "threshold": 4.0,
        "func": "pbe-d4",
        "basis": "def2-sv(p)",
        "prog": "orca",
        "gfnv": "gfn2",
        "run": true,
        "template": false
    },
    "nconf_in": 2,
    "nconf_out": 2
}