{
   "temperature":     298.150000000000,
   "unit": "hartree",
   "energy":     -43.364258127846,
   "free energy":     -43.210628071807,
   "G(T)":       0.153630056039,
   "ZPVE":       0.189626895821,
   "number of imags":0,
   "point group": "c1",
   "gradient norm":       0.000064061063
}
