{
   "temperature":     298.150000000000,
   "unit": "hartree",
   "energy":     -43.361690473873,
   "free energy":     -43.208883364985,
   "G(T)":       0.152807108888,
   "ZPVE":       0.189406868548,
   "number of imags":0,
   "point group": "c1",
   "gradient norm":       0.000060167724
}
