{
   "temperature":     298.150000000000,
   "unit": "hartree",
   "energy":     -15.773463012337,
   "free energy":     -15.671155217343,
   "G(T)":       0.102307794994,
   "ZPVE":       0.134245705137,
   "number of imags":0,
   "point group": "cs",
   "gradient norm":       0.000039505707
}
