{
    "partname": "prescreening",
    "runtime": 16.281464277999476,
    "results": {
        "CONF3": {
            "sp": {
                "energy": -271.121155851684
            },
            "gtot": -271.121155851684,
            "bmw": 0.2832497598007117
        },
        "CONF1": {
            "sp": {
                "energy": -271.120677183577
            },
            "gtot": -271.120677183577,
            "bmw": 0.17060724168914826
        },
        "CONF2": {
            "sp": {
                "energy": -271.121775757244
            },
            "gtot": -271.121775757244,
            "bmw": 0.5461429985101399
        }
    },
    "settings": {
        "threshold": 4.0,
        "func": "pbe-d4",
        "basis": "def2-sv(p)",
        "prog": "orca",
        "gfnv": "gfn2",
        "run": true,
        "template": false
    },
    "nconf_in": 3,
    "nconf_out": 3
}