{
    "partname": "screening",
    "runtime": 22.7650564200012,
    "results": {
        "CONF2": {
            "sp": {
                "energy": -271.697989688627
            },
            "gtot": -271.697989688627,
            "bmw": 0.5811569376119377
        },
        "CONF3": {
            "sp": {
                "energy": -271.697124359358
            },
            "gtot": -271.697124359358,
            "bmw": 0.232417868741852
        },
        "CONF1": {
            "sp": {
                "energy": -271.696916160357
            },
            "gtot": -271.696916160357,
            "bmw": 0.1864251936462103
        }
    },
    "settings": {
        "threshold": 3.5,
        "func": "r2scan-3c",
        "basis": "def2-tzvp",
        "prog": "orca",
        "sm": "smd",
        "gfnv": "gfn2",
        "run": true,
        "implicit": false,
        "template": false
    },
    "nconf_in": 3,
    "nconf_out": 3
}