{
   "temperature":     298.150000000000,
   "unit": "hartree",
   "energy":     -30.414763006485,
   "free energy":     -30.344769054078,
   "G(T)":       0.069993952407,
   "ZPVE":       0.103659771707,
   "number of imags":0,
   "point group": "cs",
   "gradient norm":       0.000022864161
}
