{
    "partname": "prescreening",
    "runtime": 10.073479366954416,
    "results": {
        "CONF1": {
            "sp": {
                "energy": -326.184972878164
            },
            "gtot": -326.184972878164,
            "bmw": 0.33865975507709534
        },
        "CONF3": {
            "sp": {
                "energy": -326.185214741379
            },
            "gtot": -326.185214741379,
            "bmw": 0.4375351698172241
        },
        "CONF2": {
            "sp": {
                "energy": -326.184581777921
            },
            "gtot": -326.184581777921,
            "bmw": 0.22380507510568057
        }
    },
    "settings": {
        "threshold": 4.0,
        "func": "pbe-d4",
        "basis": "def2-sv(p)",
        "prog": "orca",
        "gfnv": "gfn2",
        "run": true,
        "template": false
    },
    "nconf_in": 3,
    "nconf_out": 3
}