{
    "partname": "screening",
    "runtime": 24.84173624997493,
    "results": {
        "CONF2": {
            "sp": {
                "energy": -326.822767925875
            },
            "gtot": -326.822767925875,
            "bmw": 0.19911103239971822
        },
        "CONF1": {
            "sp": {
                "energy": -326.823148428976
            },
            "gtot": -326.823148428976,
            "bmw": 0.2979302737767499
        },
        "CONF3": {
            "sp": {
                "energy": -326.823642849467
            },
            "gtot": -326.823642849467,
            "bmw": 0.5029586938235319
        }
    },
    "settings": {
        "threshold": 3.5,
        "func": "r2scan-3c",
        "basis": "def2-tzvp",
        "prog": "orca",
        "sm": "smd",
        "gfnv": "gfn2",
        "run": true,
        "implicit": false,
        "template": false
    },
    "nconf_in": 3,
    "nconf_out": 3
}