{
    "partname": "prescreening",
    "runtime": 17.122357538086362,
    "results": {
        "CONF4": {
            "sp": {
                "energy": -267.27888048328
            },
            "gtot": -267.27888048328,
            "bmw": 8.478596539963602e-07
        },
        "CONF2": {
            "sp": {
                "energy": -267.290454122551
            },
            "gtot": -267.290454122551,
            "bmw": 0.1785786504487792
        },
        "CONF1": {
            "sp": {
                "energy": -267.288135166217
            },
            "gtot": -267.288135166217,
            "bmw": 0.015317343688407512
        },
        "CONF3": {
            "sp": {
                "energy": -267.291877172184
            },
            "gtot": -267.291877172184,
            "bmw": 0.8060965431593782
        },
        "CONF5": {
            "sp": {
                "energy": -267.280820173239
            },
            "gtot": -267.280820173239,
            "bmw": 6.614843781005614e-06
        }
    },
    "settings": {
        "threshold": 4.0,
        "func": "pbe-d4",
        "basis": "def2-sv(p)",
        "prog": "orca",
        "gfnv": "gfn2",
        "run": true,
        "template": false
    },
    "nconf_in": 5,
    "nconf_out": 3
}