{
    "partname": "screening",
    "runtime": 38.76811253500637,
    "results": {
        "CONF1": {
            "sp": {
                "energy": -267.843082441447
            },
            "gtot": -267.843082441447,
            "bmw": 0.0856362205976546
        },
        "CONF2": {
            "sp": {
                "energy": -267.844317863449
            },
            "gtot": -267.844317863449,
            "bmw": 0.3168927315675158
        },
        "CONF3": {
            "sp": {
                "energy": -267.844916610516
            },
            "gtot": -267.844916610516,
            "bmw": 0.5974710478348296
        }
    },
    "settings": {
        "threshold": 3.5,
        "func": "r2scan-3c",
        "basis": "def2-tzvp",
        "prog": "orca",
        "sm": "smd",
        "gfnv": "gfn2",
        "run": true,
        "implicit": false,
        "template": false
    },
    "nconf_in": 3,
    "nconf_out": 3
}