{
   "temperature":     298.150000000000,
   "unit": "hartree",
   "energy":     -13.917260745441,
   "free energy":     -13.825887776782,
   "G(T)":       0.091372968659,
   "ZPVE":       0.119225990586,
   "number of imags":0,
   "point group": "c1",
   "gradient norm":       0.000053185128
}
