{
    "partname": "prescreening",
    "runtime": 3.7515626589301974,
    "results": {
        "CONF3": {
            "sp": {
                "energy": -576.869924261127
            },
            "gtot": -576.869924261127,
            "bmw": 0.006815680241003874
        },
        "CONF1": {
            "sp": {
                "energy": -576.874155681036
            },
            "gtot": -576.874155681036,
            "bmw": 0.6023204928597938
        },
        "CONF2": {
            "sp": {
                "energy": -576.873747387211
            },
            "gtot": -576.873747387211,
            "bmw": 0.3908638268992023
        }
    },
    "settings": {
        "threshold": 4.0,
        "func": "pbe-d4",
        "basis": "def2-sv(p)",
        "prog": "orca",
        "gfnv": "gfn2",
        "run": true,
        "template": false
    },
    "nconf_in": 3,
    "nconf_out": 3
}