{
    "partname": "screening",
    "runtime": 6.098355096997693,
    "results": {
        "CONF3": {
            "sp": {
                "energy": -577.433322444375
            },
            "gtot": -577.433322444375,
            "bmw": 0.0050323363164380824
        },
        "CONF1": {
            "sp": {
                "energy": -577.438102899482
            },
            "gtot": -577.438102899482,
            "bmw": 0.7954754852783337
        },
        "CONF2": {
            "sp": {
                "energy": -577.436796937507
            },
            "gtot": -577.436796937507,
            "bmw": 0.19949217840522823
        }
    },
    "settings": {
        "threshold": 3.5,
        "func": "r2scan-3c",
        "basis": "def2-tzvp",
        "prog": "orca",
        "sm": "smd",
        "gfnv": "gfn2",
        "run": true,
        "implicit": false,
        "template": false
    },
    "nconf_in": 3,
    "nconf_out": 3
}