{
   "temperature":     298.150000000000,
   "unit": "hartree",
   "energy":     -26.548014126406,
   "free energy":     -26.436179578006,
   "G(T)":       0.111834548400,
   "ZPVE":       0.144734065933,
   "number of imags":0,
   "point group": "c1",
   "gradient norm":       0.000063282827
}
