{
   "temperature":     298.150000000000,
   "unit": "hartree",
   "energy":     -28.349415544527,
   "free energy":     -28.180051318979,
   "G(T)":       0.169364225548,
   "ZPVE":       0.204319069301,
   "number of imags":0,
   "point group": "c1",
   "gradient norm":       0.000038580169
}
