{
    "partname": "prescreening",
    "runtime": 12.123605464003049,
    "results": {
        "CONF4": {
            "sp": {
                "energy": -387.609719732308
            },
            "gtot": -387.609719732308,
            "bmw": 0.11707862034245578
        },
        "CONF5": {
            "sp": {
                "energy": -387.608843194539
            },
            "gtot": -387.608843194539,
            "bmw": 0.04626985417257904
        },
        "CONF15": {
            "sp": {
                "energy": -387.601416120092
            },
            "gtot": -387.601416120092,
            "bmw": 1.7745177941516445e-05
        },
        "CONF21": {
            "sp": {
                "energy": -387.599133556353
            },
            "gtot": -387.599133556353,
            "bmw": 1.5818806517476824e-06
        },
        "CONF1": {
            "sp": {
                "energy": -387.610592426988
            },
            "gtot": -387.610592426988,
            "bmw": 0.2950457497066408
        },
        "CONF3": {
            "sp": {
                "energy": -387.610193004404
            },
            "gtot": -387.610193004404,
            "bmw": 0.1932714440321244
        },
        "CONF18": {
            "sp": {
                "energy": -387.600108909774
            },
            "gtot": -387.600108909774,
            "bmw": 4.4443190961284735e-06
        },
        "CONF19": {
            "sp": {
                "energy": -387.600635409181
            },
            "gtot": -387.600635409181,
            "bmw": 7.762081473642573e-06
        },
        "CONF13": {
            "sp": {
                "energy": -387.602950395341
            },
            "gtot": -387.602950395341,
            "bmw": 9.011521491663341e-05
        },
        "CONF12": {
            "sp": {
                "energy": -387.601611184951
            },
            "gtot": -387.601611184951,
            "bmw": 2.181744968355708e-05
        },
        "CONF11": {
            "sp": {
                "energy": -387.60139506342
            },
            "gtot": -387.60139506342,
            "bmw": 1.7353814864250472e-05
        },
        "CONF16": {
            "sp": {
                "energy": -387.600690597528
            },
            "gtot": -387.600690597528,
            "bmw": 8.229303496721964e-06
        },
        "CONF2": {
            "sp": {
                "energy": -387.610209772333
            },
            "gtot": -387.610209772333,
            "bmw": 0.19673444522867395
        },
        "CONF7": {
            "sp": {
                "energy": -387.607889389796
            },
            "gtot": -387.607889389796,
            "bmw": 0.016849162449946647
        },
        "CONF6": {
            "sp": {
                "energy": -387.609184849802
            },
            "gtot": -387.609184849802,
            "bmw": 0.06644291437899388
        },
        "CONF14": {
            "sp": {
                "energy": -387.60097459084
            },
            "gtot": -387.60097459084,
            "bmw": 1.1117085883220019e-05
        },
        "CONF20": {
            "sp": {
                "energy": -387.600672391018
            },
            "gtot": -387.600672391018,
            "bmw": 8.072139608983038e-06
        },
        "CONF17": {
            "sp": {
                "energy": -387.60074035055
            },
            "gtot": -387.60074035055,
            "bmw": 8.674568591163163e-06
        },
        "CONF10": {
            "sp": {
                "energy": -387.608214586584
            },
            "gtot": -387.608214586584,
            "bmw": 0.023777078188876838
        },
        "CONF9": {
            "sp": {
                "energy": -387.607960943537
            },
            "gtot": -387.607960943537,
            "bmw": 0.018175683859919696
        },
        "CONF8": {
            "sp": {
                "energy": -387.608304697787
            },
            "gtot": -387.608304697787,
            "bmw": 0.026158134603581767
        }
    },
    "settings": {
        "threshold": 4.0,
        "func": "pbe-d4",
        "basis": "def2-sv(p)",
        "prog": "orca",
        "gfnv": "gfn2",
        "run": true,
        "template": false
    },
    "nconf_in": 21,
    "nconf_out": 10
}