{
    "partname": "screening",
    "runtime": 42.15230434399564,
    "results": {
        "CONF9": {
            "sp": {
                "energy": -388.405453514253
            },
            "gtot": -388.405453514253,
            "bmw": 0.007508480836721774
        },
        "CONF3": {
            "sp": {
                "energy": -388.408607599608
            },
            "gtot": -388.408607599608,
            "bmw": 0.21199758607331445
        },
        "CONF4": {
            "sp": {
                "energy": -388.408251133625
            },
            "gtot": -388.408251133625,
            "bmw": 0.14533422976669208
        },
        "CONF5": {
            "sp": {
                "energy": -388.407377481886
            },
            "gtot": -388.407377481886,
            "bmw": 0.05761239503797812
        },
        "CONF7": {
            "sp": {
                "energy": -388.406093962439
            },
            "gtot": -388.406093962439,
            "bmw": 0.014795779511102981
        },
        "CONF8": {
            "sp": {
                "energy": -388.406002750784
            },
            "gtot": -388.406002750784,
            "bmw": 0.013433321028139737
        },
        "CONF1": {
            "sp": {
                "energy": -388.408789770811
            },
            "gtot": -388.408789770811,
            "bmw": 0.2571129012741254
        },
        "CONF6": {
            "sp": {
                "energy": -388.407741362496
            },
            "gtot": -388.407741362496,
            "bmw": 0.0847011729976321
        },
        "CONF2": {
            "sp": {
                "energy": -388.408519485077
            },
            "gtot": -388.408519485077,
            "bmw": 0.193108342898992
        },
        "CONF10": {
            "sp": {
                "energy": -388.406068086016
            },
            "gtot": -388.406068086016,
            "bmw": 0.014395790575301184
        }
    },
    "settings": {
        "threshold": 3.5,
        "func": "r2scan-3c",
        "basis": "def2-tzvp",
        "prog": "orca",
        "sm": "smd",
        "gfnv": "gfn2",
        "run": true,
        "implicit": false,
        "template": false
    },
    "nconf_in": 10,
    "nconf_out": 10
}