{
   "temperature":     298.150000000000,
   "unit": "hartree",
   "energy":     -35.708255661825,
   "free energy":     -35.463130474320,
   "G(T)":       0.245125187505,
   "ZPVE":       0.283022111461,
   "number of imags":0,
   "point group": "c1",
   "gradient norm":       0.000026897573
}
