{
   "temperature":     298.150000000000,
   "unit": "hartree",
   "energy":     -28.498064643677,
   "free energy":     -28.455376938500,
   "G(T)":       0.042687705177,
   "ZPVE":       0.077056044741,
   "number of imags":0,
   "point group": "c2v",
   "gradient norm":       0.000123004543
}
