{
   "temperature":     298.150000000000,
   "unit": "hartree",
   "energy":     -26.550089280591,
   "free energy":     -26.438148744285,
   "G(T)":       0.111940536306,
   "ZPVE":       0.144762115456,
   "number of imags":0,
   "point group": "c1",
   "gradient norm":       0.000133668615
}
