{
   "temperature":     298.150000000000,
   "unit": "hartree",
   "energy":     -21.652806222775,
   "free energy":     -21.609497708128,
   "G(T)":       0.043308514647,
   "ZPVE":       0.077532378990,
   "number of imags":0,
   "point group": "cs",
   "gradient norm":       0.000084865244
}
