{
   "temperature":     298.150000000000,
   "unit": "hartree",
   "energy":     -65.122671913313,
   "free energy":     -65.030517945632,
   "G(T)":       0.092153967681,
   "ZPVE":       0.140193933700,
   "number of imags":0,
   "point group": "c1",
   "gradient norm":       0.000031010971
}
