{
   "temperature":     298.150000000000,
   "unit": "hartree",
   "energy":     -22.901132633753,
   "free energy":     -22.812349676698,
   "G(T)":       0.088782957055,
   "ZPVE":       0.121383543883,
   "number of imags":0,
   "point group": "cs",
   "gradient norm":       0.000114510623
}
