{
   "temperature":     298.150000000000,
   "unit": "hartree",
   "energy":     -25.243739699418,
   "free energy":     -25.145617082106,
   "G(T)":       0.098122617312,
   "ZPVE":       0.133030816724,
   "number of imags":0,
   "point group": "c1",
   "gradient norm":       0.000054933481
}
