{
   "temperature":     298.150000000000,
   "unit": "hartree",
   "energy":     -24.183335408870,
   "free energy":     -24.120536344516,
   "G(T)":       0.062799064354,
   "ZPVE":       0.093214764746,
   "number of imags":0,
   "point group": "cs",
   "gradient norm":       0.000012012478
}
