{
   "temperature":     298.150000000000,
   "unit": "hartree",
   "energy":     -32.435374499838,
   "free energy":     -32.263530654264,
   "G(T)":       0.171843845573,
   "ZPVE":       0.208980515767,
   "number of imags":0,
   "point group": "cs",
   "gradient norm":       0.000052810459
}
