{
   "temperature":     298.150000000000,
   "unit": "hartree",
   "energy":     -13.482854073775,
   "free energy":     -13.441865092128,
   "G(T)":       0.040988981647,
   "ZPVE":       0.069285970622,
   "number of imags":0,
   "point group": "c1",
   "gradient norm":       0.000025103493
}
