{
   "temperature":     298.150000000000,
   "unit": "hartree",
   "energy":     -29.509570619887,
   "free energy":     -29.416110013040,
   "G(T)":       0.093460606847,
   "ZPVE":       0.127490923287,
   "number of imags":0,
   "point group": "c1",
   "gradient norm":       0.000049677676
}
