{
   "temperature":     298.150000000000,
   "unit": "hartree",
   "energy":     -22.288269851956,
   "free energy":     -22.195936748344,
   "G(T)":       0.092333103612,
   "ZPVE":       0.125519746428,
   "number of imags":0,
   "point group": "cs",
   "gradient norm":       0.000035914181
}
