{
   "temperature":     298.150000000000,
   "unit": "hartree",
   "energy":     -26.145338664249,
   "free energy":     -26.068062548163,
   "G(T)":       0.077276116086,
   "ZPVE":       0.109641771489,
   "number of imags":0,
   "point group": "cs",
   "gradient norm":       0.000063841981
}
