{
   "temperature":     298.150000000000,
   "unit": "hartree",
   "energy":     -35.037559147580,
   "free energy":     -34.873951642294,
   "G(T)":       0.163607505286,
   "ZPVE":       0.204946348461,
   "number of imags":0,
   "point group": "c1",
   "gradient norm":       0.000037516629
}
