{
   "temperature":     298.150000000000,
   "unit": "hartree",
   "energy":     -22.752173529221,
   "free energy":     -22.656203225770,
   "G(T)":       0.095970303451,
   "ZPVE":       0.128975887151,
   "number of imags":0,
   "point group": "cs",
   "gradient norm":       0.000077559117
}
