{
   "temperature":     298.150000000000,
   "unit": "hartree",
   "energy":     -22.481318127265,
   "free energy":     -22.371878291978,
   "G(T)":       0.109439835286,
   "ZPVE":       0.141025129760,
   "number of imags":0,
   "point group": "c1",
   "gradient norm":       0.000057361201
}
