{
   "temperature":     298.150000000000,
   "unit": "hartree",
   "energy":     -21.652800965019,
   "free energy":     -21.609625160583,
   "G(T)":       0.043175804437,
   "ZPVE":       0.077538791004,
   "number of imags":0,
   "point group": "c1",
   "gradient norm":       0.000089941117
}
