{
   "temperature":     298.150000000000,
   "unit": "hartree",
   "energy":     -18.997591988282,
   "free energy":     -18.902497777268,
   "G(T)":       0.095094211014,
   "ZPVE":       0.124351132224,
   "number of imags":0,
   "point group": "cs",
   "gradient norm":       0.000081644285
}
