{
   "temperature":     298.150000000000,
   "unit": "hartree",
   "energy":     -35.321639429474,
   "free energy":     -35.167216277323,
   "G(T)":       0.154423152150,
   "ZPVE":       0.194156725233,
   "number of imags":0,
   "point group": "cs",
   "gradient norm":       0.000044969266
}
