{
   "temperature":     298.150000000000,
   "unit": "hartree",
   "energy":     -17.727354365211,
   "free energy":     -17.622984174305,
   "G(T)":       0.104370190906,
   "ZPVE":       0.134270300702,
   "number of imags":0,
   "point group": "c1",
   "gradient norm":       0.000032096997
}
