{
    "partname": "prescreening",
    "runtime": 6.179070579935797,
    "results": {
        "CONF2": {
            "sp": {
                "energy": -326.185779813081
            },
            "gtot": -326.185779813081,
            "bmw": 0.591447113454768
        },
        "CONF1": {
            "sp": {
                "energy": -326.18543051144
            },
            "gtot": -326.18543051144,
            "bmw": 0.408552886545232
        }
    },
    "settings": {
        "threshold": 4.0,
        "func": "pbe-d4",
        "basis": "def2-sv(p)",
        "prog": "orca",
        "gfnv": "gfn2",
        "run": true,
        "template": false
    },
    "nconf_in": 2,
    "nconf_out": 2
}