{
   "temperature":     298.150000000000,
   "unit": "hartree",
   "energy":     -55.059630658521,
   "free energy":     -54.989438931136,
   "G(T)":       0.070191727385,
   "ZPVE":       0.118246768606,
   "number of imags":0,
   "point group": "c1",
   "gradient norm":       0.000029865448
}
