{
   "temperature":     298.150000000000,
   "unit": "hartree",
   "energy":     -42.870927154521,
   "free energy":     -42.749774476981,
   "G(T)":       0.121152677540,
   "ZPVE":       0.162513193441,
   "number of imags":0,
   "point group": "c1",
   "gradient norm":       0.000070902978
}
