{
   "temperature":     298.150000000000,
   "unit": "hartree",
   "energy":     -25.646091533077,
   "free energy":     -25.512065479517,
   "G(T)":       0.134026053560,
   "ZPVE":       0.168536354687,
   "number of imags":0,
   "point group": "cs",
   "gradient norm":       0.000034038858
}
