{
   "temperature":     298.150000000000,
   "unit": "hartree",
   "energy":     -17.724784990774,
   "free energy":     -17.620272310673,
   "G(T)":       0.104512680101,
   "ZPVE":       0.134315499516,
   "number of imags":0,
   "point group": "c1",
   "gradient norm":       0.000068793778
}
