{
   "temperature":     298.150000000000,
   "unit": "hartree",
   "energy":     -28.349177265985,
   "free energy":     -28.178903256986,
   "G(T)":       0.170274008999,
   "ZPVE":       0.204621371650,
   "number of imags":0,
   "point group": "c1",
   "gradient norm":       0.000047652577
}
