{
   "temperature":     298.150000000000,
   "unit": "hartree",
   "energy":     -10.571548965579,
   "free energy":     -10.524105905979,
   "G(T)":       0.047443059600,
   "ZPVE":       0.074015321628,
   "number of imags":0,
   "point group": "c2v",
   "gradient norm":       0.000060907393
}
