{
   "temperature":     298.150000000000,
   "unit": "hartree",
   "energy":     -22.625475210783,
   "free energy":     -22.544372750234,
   "G(T)":       0.081102460549,
   "ZPVE":       0.115378011344,
   "number of imags":0,
   "point group": "cs",
   "gradient norm":       0.000092775404
}
