{
    "partname": "screening",
    "runtime": 87.37328307202552,
    "results": {
        "CONF32": {
            "sp": {
                "energy": -687.072561849461
            },
            "gtot": -687.072561849461,
            "bmw": 9.67660264383832e-05
        },
        "CONF145": {
            "sp": {
                "energy": -687.076149775603
            },
            "gtot": -687.076149775603,
            "bmw": 0.004325683058739506
        },
        "CONF4": {
            "sp": {
                "energy": -687.074833993611
            },
            "gtot": -687.074833993611,
            "bmw": 0.001073586083033108
        },
        "CONF21": {
            "sp": {
                "energy": -687.079782757365
            },
            "gtot": -687.079782757365,
            "bmw": 0.2028199327061185
        },
        "CONF122": {
            "sp": {
                "energy": -687.07791013414
            },
            "gtot": -687.07791013414,
            "bmw": 0.027910240189482932
        },
        "CONF42": {
            "sp": {
                "energy": -687.071717965393
            },
            "gtot": -687.071717965393,
            "bmw": 3.95879583975913e-05
        },
        "CONF112": {
            "sp": {
                "energy": -687.070164280292
            },
            "gtot": -687.070164280292,
            "bmw": 7.636905685263734e-06
        },
        "CONF15": {
            "sp": {
                "energy": -687.079927772423
            },
            "gtot": -687.079927772423,
            "bmw": 0.23649008848880113
        },
        "CONF208": {
            "sp": {
                "energy": -687.076980887531
            },
            "gtot": -687.076980887531,
            "bmw": 0.010431330858515905
        },
        "CONF23": {
            "sp": {
                "energy": -687.079356334234
            },
            "gtot": -687.079356334234,
            "bmw": 0.12911288072832355
        },
        "CONF20": {
            "sp": {
                "energy": -687.074889199639
            },
            "gtot": -687.074889199639,
            "bmw": 0.0011382296335873576
        },
        "CONF28": {
            "sp": {
                "energy": -687.073565995762
            },
            "gtot": -687.073565995762,
            "bmw": 0.00028028395354174924
        },
        "CONF9": {
            "sp": {
                "energy": -687.07411979002
            },
            "gtot": -687.07411979002,
            "bmw": 0.0005038786544811125
        },
        "CONF7": {
            "sp": {
                "energy": -687.075604786277
            },
            "gtot": -687.075604786277,
            "bmw": 0.0024287172525503573
        },
        "CONF5": {
            "sp": {
                "energy": -687.073341112083
            },
            "gtot": -687.073341112083,
            "bmw": 0.00022088127605346972
        },
        "CONF16": {
            "sp": {
                "energy": -687.075175552784
            },
            "gtot": -687.075175552784,
            "bmw": 0.001541498894491777
        },
        "CONF3": {
            "sp": {
                "energy": -687.073875350835
            },
            "gtot": -687.073875350835,
            "bmw": 0.0003889481576654914
        },
        "CONF40": {
            "sp": {
                "energy": -687.0729578834
            },
            "gtot": -687.0729578834,
            "bmw": 0.00014719257746122067
        },
        "CONF13": {
            "sp": {
                "energy": -687.075911646899
            },
            "gtot": -687.075911646899,
            "bmw": 0.003361422275514391
        },
        "CONF2": {
            "sp": {
                "energy": -687.073803460858
            },
            "gtot": -687.073803460858,
            "bmw": 0.0003604330594141814
        },
        "CONF10": {
            "sp": {
                "energy": -687.073302788388
            },
            "gtot": -687.073302788388,
            "bmw": 0.00021209538712045045
        },
        "CONF17": {
            "sp": {
                "energy": -687.074415058396
            },
            "gtot": -687.074415058396,
            "bmw": 0.0006888743476808046
        },
        "CONF14": {
            "sp": {
                "energy": -687.07639684544
            },
            "gtot": -687.07639684544,
            "bmw": 0.005619516543924089
        },
        "CONF1": {
            "sp": {
                "energy": -687.078311939631
            },
            "gtot": -687.078311939631,
            "bmw": 0.042715088114815065
        },
        "CONF26": {
            "sp": {
                "energy": -687.072673860552
            },
            "gtot": -687.072673860552,
            "bmw": 0.00010895431715821722
        },
        "CONF8": {
            "sp": {
                "energy": -687.073796217488
            },
            "gtot": -687.073796217488,
            "bmw": 0.0003576785519693753
        },
        "CONF36": {
            "sp": {
                "energy": -687.074706816326
            },
            "gtot": -687.074706816326,
            "bmw": 0.000938294933397247
        },
        "CONF11": {
            "sp": {
                "energy": -687.07466950237
            },
            "gtot": -687.07466950237,
            "bmw": 0.0009019368675997661
        },
        "CONF51": {
            "sp": {
                "energy": -687.073685643422
            },
            "gtot": -687.073685643422,
            "bmw": 0.0003181503086353314
        },
        "CONF6": {
            "sp": {
                "energy": -687.075045769818
            },
            "gtot": -687.075045769818,
            "bmw": 0.0013435294341559792
        },
        "CONF19": {
            "sp": {
                "energy": -687.080146456515
            },
            "gtot": -687.080146456515,
            "bmw": 0.29812655614670425
        },
        "CONF25": {
            "sp": {
                "energy": -687.073037503365
            },
            "gtot": -687.073037503365,
            "bmw": 0.0001601432208898281
        },
        "CONF331": {
            "sp": {
                "energy": -687.076058047845
            },
            "gtot": -687.076058047845,
            "bmw": 0.003925209556673232
        },
        "CONF215": {
            "sp": {
                "energy": -687.076209095288
            },
            "gtot": -687.076209095288,
            "bmw": 0.004606168935801327
        },
        "CONF287": {
            "sp": {
                "energy": -687.074527838278
            },
            "gtot": -687.074527838278,
            "bmw": 0.0007762742273933676
        },
        "CONF12": {
            "sp": {
                "energy": -687.07319641495
            },
            "gtot": -687.07319641495,
            "bmw": 0.00018949721363328067
        },
        "CONF136": {
            "sp": {
                "energy": -687.076014513476
            },
            "gtot": -687.076014513476,
            "bmw": 0.0037483352224806287
        },
        "CONF47": {
            "sp": {
                "energy": -687.070900180444
            },
            "gtot": -687.070900180444,
            "bmw": 1.6649763403101916e-05
        },
        "CONF294": {
            "sp": {
                "energy": -687.075839173439
            },
            "gtot": -687.075839173439,
            "bmw": 0.003113060705585018
        },
        "CONF175": {
            "sp": {
                "energy": -687.07561500894
            },
            "gtot": -687.07561500894,
            "bmw": 0.002455155802297941
        },
        "CONF186": {
            "sp": {
                "energy": -687.06954711509
            },
            "gtot": -687.06954711509,
            "bmw": 3.972291256929035e-06
        },
        "CONF119": {
            "sp": {
                "energy": -687.075981826415
            },
            "gtot": -687.075981826415,