{
   "temperature":     298.150000000000,
   "unit": "hartree",
   "energy":     -16.983466871960,
   "free energy":     -16.913476610178,
   "G(T)":       0.069990261782,
   "ZPVE":       0.099186430776,
   "number of imags":0,
   "point group": "cs",
   "gradient norm":       0.000093570772
}
