{
   "temperature":     298.150000000000,
   "unit": "hartree",
   "energy":     -25.515896373683,
   "free energy":     -25.428764864055,
   "G(T)":       0.087131509629,
   "ZPVE":       0.121868715076,
   "number of imags":0,
   "point group": "cs",
   "gradient norm":       0.000084179648
}
