{
   "temperature":     298.150000000000,
   "unit": "hartree",
   "energy":     -32.443189420043,
   "free energy":     -32.270913879453,
   "G(T)":       0.172275540590,
   "ZPVE":       0.208802374211,
   "number of imags":0,
   "point group": "c1",
   "gradient norm":       0.000055750275
}
